File,LOC,SLOC-P,SLOC-L,MVG,BLOC,C&SLOC,CLOC,CWORD,HCLOC,HCWORD
I:\dev\language-ext\LanguageExt.Core\Combinators.cs,175,90,29,0,22,0,63,216,0,0
I:\dev\language-ext\LanguageExt.Core\Compose.cs,77,36,16,0,9,0,32,92,0,0
I:\dev\language-ext\LanguageExt.Core\Exceptions.cs,269,153,43,0,29,0,87,194,0,0
I:\dev\language-ext\LanguageExt.Core\TypeclassAttribute.cs,10,8,3,0,2,0,0,0,0,0
I:\dev\language-ext\LanguageExt.Core\ClassInstances\Class.cs,119,83,43,9,18,1,18,126,0,0
I:\dev\language-ext\LanguageExt.Core\ClassInstances\ClassInstancesAssembly.cs,129,104,50,7,16,0,9,69,0,0
I:\dev\language-ext\LanguageExt.Core\ClassInstances\TArr.cs,27,22,14,0,5,0,0,0,0,0
I:\dev\language-ext\LanguageExt.Core\ClassInstances\TArray.cs,25,20,13,0,5,0,0,0,0,0
I:\dev\language-ext\LanguageExt.Core\ClassInstances\TBigInt.cs,239,87,31,2,26,0,126,625,0,0
I:\dev\language-ext\LanguageExt.Core\ClassInstances\TBool.cs,122,47,22,0,13,0,62,301,0,0
I:\dev\language-ext\LanguageExt.Core\ClassInstances\TBoolBool.cs,126,51,22,0,13,0,62,304,0,0
I:\dev\language-ext\LanguageExt.Core\ClassInstances\TChar.cs,82,36,15,0,11,0,35,155,0,0
I:\dev\language-ext\LanguageExt.Core\ClassInstances\TDecimal.cs,310,83,41,0,37,0,190,985,0,0
I:\dev\language-ext\LanguageExt.Core\ClassInstances\TDouble.cs,313,86,41,0,37,0,190,985,0,0
I:\dev\language-ext\LanguageExt.Core\ClassInstances\TFloat.cs,311,84,41,0,37,0,190,985,0,0
I:\dev\language-ext\LanguageExt.Core\ClassInstances\TInt.cs,234,82,30,1,26,0,126,625,0,0
I:\dev\language-ext\LanguageExt.Core\ClassInstances\TLong.cs,233,82,30,1,26,0,125,622,0,0
I:\dev\language-ext\LanguageExt.Core\ClassInstances\TLst.cs,24,19,9,0,5,0,0,0,0,0
I:\dev\language-ext\LanguageExt.Core\ClassInstances\TNumericChar.cs,87,40,16,1,12,0,35,155,0,0
I:\dev\language-ext\LanguageExt.Core\ClassInstances\TShort.cs,233,82,30,1,26,0,125,622,0,0
I:\dev\language-ext\LanguageExt.Core\ClassInstances\TString.cs,277,101,39,0,31,0,145,605,0,0
I:\dev\language-ext\LanguageExt.Core\ClassInstances\Applicative\ApplArr.cs,96,80,25,0,16,0,0,0,0,0
I:\dev\language-ext\LanguageExt.Core\ClassInstances\Applicative\ApplArray.cs,96,80,28,0,16,0,0,0,0,0
I:\dev\language-ext\LanguageExt.Core\ClassInstances\Applicative\ApplEither.cs,93,77,23,0,16,0,0,0,0,0
I:\dev\language-ext\LanguageExt.Core\ClassInstances\Applicative\ApplEitherAsync.cs,76,61,21,0,15,0,0,0,0,0
I:\dev\language-ext\LanguageExt.Core\ClassInstances\Applicative\ApplEitherUnsafe.cs,93,76,22,0,17,0,0,0,0,0
I:\dev\language-ext\LanguageExt.Core\ClassInstances\Applicative\ApplEnumerable.cs,96,80,25,0,16,0,0,0,0,0
I:\dev\language-ext\LanguageExt.Core\ClassInstances\Applicative\ApplHashSet.cs,277,246,85,26,31,0,0,0,0,0
I:\dev\language-ext\LanguageExt.Core\ClassInstances\Applicative\ApplLst.cs,94,77,22,0,17,0,0,0,0,0
I:\dev\language-ext\LanguageExt.Core\ClassInstances\Applicative\ApplOption.cs,78,67,17,0,11,0,0,0,0,0
I:\dev\language-ext\LanguageExt.Core\ClassInstances\Applicative\ApplOptional.cs,90,78,21,1,12,0,0,0,0,0
I:\dev\language-ext\LanguageExt.Core\ClassInstances\Applicative\ApplOptionalUnsafe.cs,90,78,21,1,12,0,0,0,0,0
I:\dev\language-ext\LanguageExt.Core\ClassInstances\Applicative\ApplOptionAsync.cs,152,132,53,21,20,0,0,0,0,0
I:\dev\language-ext\LanguageExt.Core\ClassInstances\Applicative\ApplOptionUnsafe.cs,78,67,17,0,11,0,0,0,0,0
I:\dev\language-ext\LanguageExt.Core\ClassInstances\Applicative\ApplSeq.cs,96,80,25,0,16,0,0,0,0,0
I:\dev\language-ext\LanguageExt.Core\ClassInstances\Applicative\ApplSet.cs,278,246,85,26,32,0,0,0,0,0
I:\dev\language-ext\LanguageExt.Core\ClassInstances\Applicative\ApplTask.cs,163,133,57,10,30,0,0,0,0,0
I:\dev\language-ext\LanguageExt.Core\ClassInstances\Applicative\ApplTry.cs,111,90,26,0,21,0,0,0,0,0
I:\dev\language-ext\LanguageExt.Core\ClassInstances\Applicative\ApplTryAsync.cs,283,213,131,44,70,0,0,0,0,0
I:\dev\language-ext\LanguageExt.Core\ClassInstances\Applicative\ApplTryOption.cs,110,90,26,0,20,0,0,0,0,0
I:\dev\language-ext\LanguageExt.Core\ClassInstances\Applicative\ApplTryOptionAsync.cs,362,275,190,67,87,0,0,0,0,0
I:\dev\language-ext\LanguageExt.Core\ClassInstances\Applicative\ApplValidationSeq.cs,79,63,23,0,16,0,0,0,0,0
I:\dev\language-ext\LanguageExt.Core\ClassInstances\Const\Char.cs,74,68,66,0,6,0,0,0,0,0
I:\dev\language-ext\LanguageExt.Core\ClassInstances\Const\Double.cs,11,8,6,0,3,0,0,0,0,0
I:\dev\language-ext\LanguageExt.Core\ClassInstances\Const\Integer.cs,669,655,653,0,8,0,6,19,0,0
I:\dev\language-ext\LanguageExt.Core\ClassInstances\Eq\EqArr.cs,72,36,19,4,8,0,28,136,0,0
I:\dev\language-ext\LanguageExt.Core\ClassInstances\Eq\EqArray.cs,72,36,19,6,8,0,28,136,0,0
I:\dev\language-ext\LanguageExt.Core\ClassInstances\Eq\EqBigInt.cs,36,17,9,0,5,0,14,68,0,0
I:\dev\language-ext\LanguageExt.Core\ClassInstances\Eq\EqBool.cs,34,16,8,0,4,0,14,68,0,0
I:\dev\language-ext\LanguageExt.Core\ClassInstances\Eq\EqChar.cs,35,16,8,0,5,0,14,68,0,0
I:\dev\language-ext\LanguageExt.Core\ClassInstances\Eq\EqChoice.cs,104,52,17,0,10,0,42,228,0,0
I:\dev\language-ext\LanguageExt.Core\ClassInstances\Eq\EqChoiceUnsafe.cs,106,54,17,0,10,0,42,228,0,0
I:\dev\language-ext\LanguageExt.Core\ClassInstances\Eq\EqCompositions.cs,14,11,5,0,3,0,0,0,0,0
I:\dev\language-ext\LanguageExt.Core\ClassInstances\Eq\EqDateTime.cs,35,17,9,0,4,0,14,68,0,0
I:\dev\language-ext\LanguageExt.Core\ClassInstances\Eq\EqDecimal.cs,34,16,8,0,4,0,14,69,0,0
I:\dev\language-ext\LanguageExt.Core\ClassInstances\Eq\EqDefault.cs,70,42,20,7,9,0,19,132,0,0
I:\dev\language-ext\LanguageExt.Core\ClassInstances\Eq\EqDouble.cs,34,15,7,0,5,0,14,69,0,0
I:\dev\language-ext\LanguageExt.Core\ClassInstances\Eq\EqEdit.cs,14,9,5,0,2,0,3,10,0,0
I:\dev\language-ext\LanguageExt.Core\ClassInstances\Eq\EqEnumerable.cs,78,42,24,6,8,0,28,136,0,0
I:\dev\language-ext\LanguageExt.Core\ClassInstances\Eq\EqFloat.cs,34,16,8,0,4,0,14,69,0,0
I:\dev\language-ext\LanguageExt.Core\ClassInstances\Eq\EqGuid.cs,35,17,9,0,4,0,14,68,0,0
I:\dev\language-ext\LanguageExt.Core\ClassInstances\Eq\EqHashSet.cs,77,39,22,4,10,0,28,136,0,0
I:\dev\language-ext\LanguageExt.Core\ClassInstances\Eq\EqInt.cs,34,16,8,0,4,0,14,68,0,0
I:\dev\language-ext\LanguageExt.Core\ClassInstances\Eq\EqLong.cs,34,15,7,0,5,0,14,68,0,0
I:\dev\language-ext\LanguageExt.Core\ClassInstances\Eq\EqLst.cs,69,37,20,4,10,0,22,122,0,0
I:\dev\language-ext\LanguageExt.Core\ClassInstances\Eq\EqMap.cs,50,25,10,0,5,0,20,104,0,0
I:\dev\language-ext\LanguageExt.Core\ClassInstances\Eq\EqNewType.cs,101,49,25,8,10,0,42,228,0,0
I:\dev\language-ext\LanguageExt.Core\ClassInstances\Eq\EqNumType.cs,72,39,18,8,5,0,28,152,0,0
I:\dev\language-ext\LanguageExt.Core\ClassInstances\Eq\EqOption.cs,17,11,5,0,3,0,3,8,0,0
I:\dev\language-ext\LanguageExt.Core\ClassInstances\Eq\EqOptional.cs,87,48,21,6,11,0,28,152,0,0
I:\dev\language-ext\LanguageExt.Core\ClassInstances\Eq\EqOptionalAsync.cs,94,54,23,7,12,0,28,152,0,0
I:\dev\language-ext\LanguageExt.Core\ClassInstances\Eq\EqOptionalUnsafe.cs,87,48,21,6,11,0,28,152,0,0
I:\dev\language-ext\LanguageExt.Core\ClassInstances\Eq\EqOptionAsync.cs,30,19,9,0,5,0,6,16,0,0
I:\dev\language-ext\LanguageExt.Core\ClassInstances\Eq\EqOptionUnsafe.cs,17,11,5,0,3,0,3,8,0,0
I:\dev\language-ext\LanguageExt.Core\ClassInstances\Eq\EqPatch.cs,16,9,5,0,2,0,5,15,0,0
I:\dev\language-ext\LanguageExt.Core\ClassInstances\Eq\EqQue.cs,70,37,20,4,11,0,22,122,0,0
I:\dev\language-ext\LanguageExt.Core\ClassInstances\Eq\EqRecord.cs,18,11,5,0,3,0,4,16,0,0
I:\dev\language-ext\LanguageExt.Core\ClassInstances\Eq\EqResult.cs,33,28,9,0,5,0,0,0,0,0
I:\dev\language-ext\LanguageExt.Core\ClassInstances\Eq\EqSeq.cs,80,43,25,7,9,0,28,136,0,0
I:\dev\language-ext\LanguageExt.Core\ClassInstances\Eq\EqSet.cs,73,36,19,4,9,0,28,136,0,0
I:\dev\language-ext\LanguageExt.Core\ClassInstances\Eq\EqShort.cs,33,15,7,0,4,0,14,68,0,0
I:\dev\language-ext\LanguageExt.Core\ClassInstances\Eq\EqStck.cs,70,37,20,4,11,0,22,122,0,0
I:\dev\language-ext\LanguageExt.Core\ClassInstances\Eq\EqString.cs,142,56,24,0,16,0,70,350,0,0
I:\dev\language-ext\LanguageExt.Core\ClassInstances\Eq\EqTask.cs,15,12,6,0,3,0,0,0,0,0
I:\dev\language-ext\LanguageExt.Core\ClassInstances\Eq\EqTaskAsync.cs,24,19,9,0,5,0,0,0,0,0
I:\dev\language-ext\LanguageExt.Core\ClassInstances\Eq\EqTry.cs,63,38,21,4,7,0,18,102,0,0
I:\dev\language-ext\LanguageExt.Core\ClassInstances\Eq\EqTryAsync.cs,26,21,9,0,5,0,0,0,0,0
I:\dev\language-ext\LanguageExt.Core\ClassInstances\Eq\EqTryOpt.cs,63,38,21,4,7,0,18,100,0,0
I:\dev\language-ext\LanguageExt.Core\ClassInstances\Eq\EqTryOptionAsync.cs,27,22,9,0,5,0,0,0,0,0
I:\dev\language-ext\LanguageExt.Core\ClassInstances\Eq\EqTypeInfo.cs,15,12,6,0,3,0,0,0,0,0
I:\dev\language-ext\LanguageExt.Core\ClassInstances\Foldable\FoldCompositions.cs,50,40,25,4,10,0,0,0,0,0
I:\dev\language-ext\LanguageExt.Core\ClassInstances\Foldable\FoldTuple.cs,367,318,216,28,44,0,5,28,0,0
I:\dev\language-ext\LanguageExt.Core\ClassInstances\Foldable\FoldValidation.cs,68,55,18,0,13,0,0,0,0,0
I:\dev\language-ext\LanguageExt.Core\ClassInstances\Foldable\FoldValidationSeq.cs,67,54,18,0,13,0,0,0,0,0
I:\dev\language-ext\LanguageExt.Core\ClassInstances\Functor\FArr.cs,25,22,12,2,3,0,0,0,0,0
I:\dev\language-ext\LanguageExt.Core\ClassInstances\Functor\FArray.cs,26,23,13,2,3,0,0,0,0,0
I:\dev\language-ext\LanguageExt.Core\ClassInstances\Functor\FEither.cs,41,35,11,0,6,0,0,0,0,0
I:\dev\language-ext\LanguageExt.Core\ClassInstances\Functor\FEitherAsync.cs,37,30,12,0,7,0,0,0,0,0
I:\dev\language-ext\LanguageExt.Core\ClassInstances\Functor\FEitherUnsafe.cs,41,35,11,0,6,0,0,0,0,0
I:\dev\language-ext\LanguageExt.Core\ClassInstances\Functor\FEnumerable.cs,23,20,11,1,3,0,0,0,0,0
I:\dev\language-ext\LanguageExt.Core\ClassInstances\Functor\FHashMap.cs,30,25,12,0,5,0,0,0,0,0
I:\dev\language-ext\LanguageExt.Core\ClassInstances\Functor\FHashSet.cs,20,17,10,0,3,0,0,0,0,0
I:\dev\language-ext\LanguageExt.Core\ClassInstances\Functor\FLst.cs,17,14,7,0,3,0,0,0,0,0
I:\dev\language-ext\LanguageExt.Core\ClassInstances\Functor\FMap.cs,30,25,12,0,5,0,0,0,0,0
I:\dev\language-ext\LanguageExt.Core\ClassInstances\Functor\FNullable.cs,25,21,9,0,4,0,0,0,0,0
I:\dev\language-ext\LanguageExt.Core\ClassInstances\Functor\FOption.cs,23,19,9,0,4,0,0,0,0,0
I:\dev\language-ext\LanguageExt.Core\ClassInstances\Functor\FOptional.cs,29,25,9,0,4,0,0,0,0,0
I:\dev\language-ext\LanguageExt.Core\ClassInstances\Functor\FOptionalUnsafe.cs,29,25,9,0,4,0,0,0,0,0
I:\dev\language-ext\LanguageExt.Core\ClassInstances\Functor\FOptionAsync.cs,70,58,22,4,12,0,0,0,0,0
I:\dev\language-ext\LanguageExt.Core\ClassInstances\Functor\FOptionUnsafe.cs,27,23,9,0,4,0,0,0,0,0
I:\dev\language-ext\LanguageExt.Core\ClassInstances\Functor\FQue.cs,17,14,7,0,3,0,0,0,0,0
I:\dev\language-ext\LanguageExt.Core\ClassInstances\Functor\FSeq.cs,20,17,10,0,3,0,0,0,0,0
I:\dev\language-ext\LanguageExt.Core\ClassInstances\Functor\FSet.cs,32,26,13,0,6,0,0,0,0,0
I:\dev\language-ext\LanguageExt.Core\ClassInstances\Functor\FStck.cs,17,14,7,0,3,0,0,0,0,0
I:\dev\language-ext\LanguageExt.Core\ClassInstances\Functor\FTask.cs,40,32,14,0,8,0,0,0,0,0
I:\dev\language-ext\LanguageExt.Core\ClassInstances\Functor\FTry.cs,23,19,9,0,4,0,0,0,0,0
I:\dev\language-ext\LanguageExt.Core\ClassInstances\Functor\FTryAsync.cs,52,44,14,0,8,0,0,0,0,0
I:\dev\language-ext\LanguageExt.Core\ClassInstances\Functor\FTryOption.cs,23,19,9,0,4,0,0,0,0,0
I:\dev\language-ext\LanguageExt.Core\ClassInstances\Functor\FTryOptionAsync.cs,52,44,14,0,8,0,0,0,0,0
I:\dev\language-ext\LanguageExt.Core\ClassInstances\Functor\FTupleBi.cs,44,19,9,0,4,0,21,99,0,0
I:\dev\language-ext\LanguageExt.Core\ClassInstances\Functor\FTupleFst.cs,75,31,13,0,7,0,37,155,0,0
I:\dev\language-ext\LanguageExt.Core\ClassInstances\Functor\FTupleSnd.cs,75,31,13,0,7,0,37,155,0,0
I:\dev\language-ext\LanguageExt.Core\ClassInstances\Functor\FTupleThrd.cs,42,19,9,0,4,0,19,80,0,0
I:\dev\language-ext\LanguageExt.Core\ClassInstances\Functor\FTupleTri.cs,47,19,9,0,5,0,23,113,0,0
I:\dev\language-ext\LanguageExt.Core\ClassInstances\Functor\FValidation.cs,28,24,9,0,4,0,0,0,0,0
I:\dev\language-ext\LanguageExt.Core\ClassInstances\Functor\FValidationSeq.cs,27,23,9,0,4,0,0,0,0,0
I:\dev\language-ext\LanguageExt.Core\ClassInstances\Monad\MArr.cs,111,86,36,4,21,0,4,13,0,0
I:\dev\language-ext\LanguageExt.Core\ClassInstances\Monad\MArray.cs,120,93,40,6,23,0,4,11,0,0
I:\dev\language-ext\LanguageExt.Core\ClassInstances\Monad\MEither.cs,228,189,52,18,39,0,0,0,0,0
I:\dev\language-ext\LanguageExt.Core\ClassInstances\Monad\MEitherAsync.cs,319,250,96,14,68,0,1,5,0,0
I:\dev\language-ext\LanguageExt.Core\ClassInstances\Monad\MEitherUnsafe.cs,203,169,50,16,34,0,0,0,0,0
I:\dev\language-ext\LanguageExt.Core\ClassInstances\Monad\MEnumerable.cs,133,106,45,7,23,0,4,11,0,0
I:\dev\language-ext\LanguageExt.Core\ClassInstances\Monad\MHashSet.cs,95,71,26,0,20,0,4,12,0,0
I:\dev\language-ext\LanguageExt.Core\ClassInstances\Monad\MIdentity.cs,80,60,22,1,16,0,4,8,0,0
I:\dev\language-ext\LanguageExt.Core\ClassInstances\Monad\MLst.cs,113,87,36,4,22,0,4,13,0,0
I:\dev\language-ext\LanguageExt.Core\ClassInstances\Monad\MNullable.cs,171,141,40,16,30,0,0,0,0,0
I:\dev\language-ext\LanguageExt.Core\ClassInstances\Monad\MOption.cs,232,199,75,49,33,0,0,0,0,0
I:\dev\language-ext\LanguageExt.Core\ClassInstances\Monad\MOptionAsync.cs,335,288,129,88,47,0,0,0,0,0
I:\dev\language-ext\LanguageExt.Core\ClassInstances\Monad\MOptionUnsafe.cs,202,173,67,40,29,0,0,0,0,0
I:\dev\language-ext\LanguageExt.Core\ClassInstances\Monad\MQue.cs,101,77,30,0,20,0,4,13,0,0
I:\dev\language-ext\LanguageExt.Core\ClassInstances\Monad\MReader.cs,99,82,38,8,17,0,0,0,0,0
I:\dev\language-ext\LanguageExt.Core\ClassInstances\Monad\MRWS.cs,104,85,44,12,19,0,0,0,0,0
I:\dev\language-ext\LanguageExt.Core\ClassInstances\Monad\MSeq.cs,106,82,34,3,20,0,4,11,0,0
I:\dev\language-ext\LanguageExt.Core\ClassInstances\Monad\MSet.cs,96,72,27,0,20,0,4,11,0,0
I:\dev\language-ext\LanguageExt.Core\ClassInstances\Monad\MState.cs,100,84,35,8,16,0,0,0,0,0
I:\dev\language-ext\LanguageExt.Core\ClassInstances\Monad\MStck.cs,100,76,30,0,20,0,4,13,0,0
I:\dev\language-ext\LanguageExt.Core\ClassInstances\Monad\MTask.cs,207,152,54,2,44,0,11,44,0,0
I:\dev\language-ext\LanguageExt.Core\ClassInstances\Monad\MTaskFirst.cs,377,319,138,41,45,0,13,52,0,0
I:\dev\language-ext\LanguageExt.Core\ClassInstances\Monad\MTry.cs,233,191,79,31,36,0,6,25,0,0
I:\dev\language-ext\LanguageExt.Core\ClassInstances\Monad\MTryAsync.cs,211,153,58,3,47,0,11,44,0,0
I:\dev\language-ext\LanguageExt.Core\ClassInstances\Monad\MTryFirstAsync.cs,402,338,147,50,50,0,14,55,0,0
I:\dev\language-ext\LanguageExt.Core\ClassInstances\Monad\MTryOption.cs,212,175,74,31,31,0,6,25,0,0
I:\dev\language-ext\LanguageExt.Core\ClassInstances\Monad\MTryOptionAsync.cs,214,156,57,3,47,0,11,44,0,0
I:\dev\language-ext\LanguageExt.Core\ClassInstances\Monad\MTryOptionFirstAsync.cs,297,233,87,18,50,1,14,58,0,0
I:\dev\language-ext\LanguageExt.Core\ClassInstances\Monad\MValidation.cs,135,110,31,1,25,0,0,0,0,0
I:\dev\language-ext\LanguageExt.Core\ClassInstances\Monad\MValidationSeq.cs,140,114,32,2,26,0,0,0,0,0
I:\dev\language-ext\LanguageExt.Core\ClassInstances\Monad\MWriter.cs,118,91,39,12,16,0,11,70,0,0
I:\dev\language-ext\LanguageExt.Core\ClassInstances\Monoid\All.cs,52,37,16,0,12,0,3,11,0,0
I:\dev\language-ext\LanguageExt.Core\ClassInstances\Monoid\Any.cs,51,36,15,0,12,0,3,11,0,0
I:\dev\language-ext\LanguageExt.Core\ClassInstances\Monoid\MCompositions.cs,45,39,27,6,6,0,0,0,0,0
I:\dev\language-ext\LanguageExt.Core\ClassInstances\Monoid\MHashMap.cs,50,40,17,0,10,0,0,0,0,0
I:\dev\language-ext\LanguageExt.Core\ClassInstances\Monoid\MMap.cs,50,40,17,0,10,0,0,0,0,0
I:\dev\language-ext\LanguageExt.Core\ClassInstances\Monoid\MPatch.cs,111,92,46,16,9,0,10,41,0,0
I:\dev\language-ext\LanguageExt.Core\ClassInstances\Monoid\MUnit.cs,16,13,7,0,3,0,0,0,0,0
I:\dev\language-ext\LanguageExt.Core\ClassInstances\Monoid\Product.cs,24,16,8,0,4,0,4,20,0,0
I:\dev\language-ext\LanguageExt.Core\ClassInstances\Monoid\Sum.cs,24,16,8,0,4,0,4,20,0,0
I:\dev\language-ext\LanguageExt.Core\ClassInstances\Ord\OrdArr.cs,104,49,23,5,9,0,46,226,0,0
I:\dev\language-ext\LanguageExt.Core\ClassInstances\Ord\OrdArray.cs,108,52,26,8,10,0,46,226,0,0
I:\dev\language-ext\LanguageExt.Core\ClassInstances\Ord\OrdBigInt.cs,49,19,9,0,5,0,25,115,0,0
I:\dev\language-ext\LanguageExt.Core\ClassInstances\Ord\OrdBool.cs,48,18,8,0,5,0,25,115,0,0
I:\dev\language-ext\LanguageExt.Core\ClassInstances\Ord\OrdChar.cs,48,18,8,0,5,0,25,115,0,0
I:\dev\language-ext\LanguageExt.Core\ClassInstances\Ord\OrdChoice.cs,153,67,21,0,14,0,72,393,0,0
I:\dev\language-ext\LanguageExt.Core\ClassInstances\Ord\OrdChoiceUnsafe.cs,157,71,21,0,14,0,72,393,0,0
I:\dev\language-ext\LanguageExt.Core\ClassInstances\Ord\OrdDateTime.cs,49,19,9,0,5,0,25,115,0,0
I:\dev\language-ext\LanguageExt.Core\ClassInstances\Ord\OrdDecimal.cs,48,18,8,0,5,0,25,115,0,0
I:\dev\language-ext\LanguageExt.Core\ClassInstances\Ord\OrdDefault.cs,62,36,16,2,9,0,17,105,0,0
I:\dev\language-ext\LanguageExt.Core\ClassInstances\Ord\OrdDouble.cs,48,18,8,0,5,0,25,115,0,0
I:\dev\language-ext\LanguageExt.Core\ClassInstances\Ord\OrdEnumerable.cs,111,52,30,8,13,0,46,226,0,0
I:\dev\language-ext\LanguageExt.Core\ClassInstances\Ord\OrdFloat.cs,48,18,8,0,5,0,25,115,0,0
I:\dev\language-ext\LanguageExt.Core\ClassInstances\Ord\OrdGuid.cs,49,19,9,0,5,0,25,115,0,0
I:\dev\language-ext\LanguageExt.Core\ClassInstances\Ord\OrdInt.cs,48,18,8,0,5,0,25,115,0,0
I:\dev\language-ext\LanguageExt.Core\ClassInstances\Ord\OrdLong.cs,48,18,8,0,5,0,25,115,0,0
I:\dev\language-ext\LanguageExt.Core\ClassInstances\Ord\OrdLst.cs,107,51,25,5,10,0,46,226,0,0
I:\dev\language-ext\LanguageExt.Core\ClassInstances\Ord\OrdMap.cs,85,32,13,0,7,0,46,226,0,0
I:\dev\language-ext\LanguageExt.Core\ClassInstances\Ord\OrdNewType.cs,146,61,27,8,13,0,72,369,0,0
I:\dev\language-ext\LanguageExt.Core\ClassInstances\Ord\OrdNumType.cs,104,47,22,8,9,0,48,246,0,0
I:\dev\language-ext\LanguageExt.Core\ClassInstances\Ord\OrdOption.cs,30,23,10,0,7,0,0,0,0,0
I:\dev\language-ext\LanguageExt.Core\ClassInstances\Ord\OrdOptional.cs,112,49,22,4,11,0,52,250,0,0
I:\dev\language-ext\LanguageExt.Core\ClassInstances\Ord\OrdOptionalUnsafe.cs,112,49,22,4,11,0,52,250,0,0
I:\dev\language-ext\LanguageExt.Core\ClassInstances\Ord\OrdOptionUnsafe.cs,30,23,10,0,7,0,0,0,0,0
I:\dev\language-ext\LanguageExt.Core\ClassInstances\Ord\OrdQue.cs,110,54,28,5,10,0,46,226,0,0
I:\dev\language-ext\LanguageExt.Core\ClassInstances\Ord\OrdRecord.cs,22,14,7,0,4,0,4,16,0,0
I:\dev\language-ext\LanguageExt.Core\ClassInstances\Ord\OrdResult.cs,55,48,25,14,7,0,0,0,0,0
I:\dev\language-ext\LanguageExt.Core\ClassInstances\Ord\OrdSeq.cs,111,52,30,8,13,0,46,226,0,0
I:\dev\language-ext\LanguageExt.Core\ClassInstances\Ord\OrdSet.cs,89,34,15,0,9,0,46,226,0,0
I:\dev\language-ext\LanguageExt.Core\ClassInstances\Ord\OrdShort.cs,48,18,8,0,5,0,25,115,0,0
I:\dev\language-ext\LanguageExt.Core\ClassInstances\Ord\OrdStck.cs,110,54,28,5,10,0,46,226,0,0
I:\dev\language-ext\LanguageExt.Core\ClassInstances\Ord\OrdString.cs,191,55,29,0,21,0,115,570,0,0
I:\dev\language-ext\LanguageExt.Core\ClassInstances\Ord\OrdTask.cs,18,14,7,0,4,0,0,0,0,0
I:\dev\language-ext\LanguageExt.Core\ClassInstances\Ord\OrdTupleFirst.cs,22,14,7,0,4,0,4,26,0,0
I:\dev\language-ext\LanguageExt.Core\ClassInstances\Ord\OrdTypeInfo.cs,18,14,7,0,4,0,0,0,0,0
I:\dev\language-ext\LanguageExt.Core\ClassInstances\Pred\Boolean.cs,26,15,7,0,3,0,8,28,0,0
I:\dev\language-ext\LanguageExt.Core\ClassInstances\Pred\Equality.cs,22,19,11,0,3,0,0,0,0,0
I:\dev\language-ext\LanguageExt.Core\ClassInstances\Pred\Exists.cs,95,58,15,0,10,0,27,108,0,0
I:\dev\language-ext\LanguageExt.Core\ClassInstances\Pred\ForAll.cs,95,56,15,0,9,0,30,120,0,0
I:\dev\language-ext\LanguageExt.Core\ClassInstances\Pred\Ordering.cs,55,46,20,0,9,0,0,0,0,0
I:\dev\language-ext\LanguageExt.Core\ClassInstances\Pred\Range.cs,18,15,6,0,3,0,0,0,0,0
I:\dev\language-ext\LanguageExt.Core\ClassInstances\Pred\Char\Predicates.cs,66,53,22,0,13,0,0,0,0,0
I:\dev\language-ext\LanguageExt.Core\ClassInstances\Pred\Lst\AnySize.cs,16,13,7,0,3,0,0,0,0,0
I:\dev\language-ext\LanguageExt.Core\ClassInstances\Pred\Lst\CountRange.cs,18,15,7,0,3,0,0,0,0,0
I:\dev\language-ext\LanguageExt.Core\ClassInstances\Pred\Lst\MaxCount.cs,17,14,7,0,3,0,0,0,0,0
I:\dev\language-ext\LanguageExt.Core\ClassInstances\Pred\Lst\NonEmpty.cs,17,12,7,0,2,0,3,9,0,0
I:\dev\language-ext\LanguageExt.Core\ClassInstances\Pred\Lst\NonNullItems.cs,14,12,7,0,2,0,0,0,0,0
I:\dev\language-ext\LanguageExt.Core\ClassInstances\Pred\String\Predicates.cs,17,14,6,0,3,0,0,0,0,0
I:\dev\language-ext\LanguageExt.Core\ClassInstances\Semigroup\MinMax.cs,34,20,10,0,6,0,8,40,0,0
I:\dev\language-ext\LanguageExt.Core\DataTypes\Arr\Arr.cs,497,336,176,56,69,0,92,331,0,0
I:\dev\language-ext\LanguageExt.Core\DataTypes\Arr\Arr.Module.cs,97,41,19,0,9,0,47,190,0,0
I:\dev\language-ext\LanguageExt.Core\DataTypes\BigInt\BigInt.cs,2128,302,156,3,138,0,1688,6999,0,0
I:\dev\language-ext\LanguageExt.Core\DataTypes\Compositions\Compositions.cs,172,74,43,0,24,0,74,427,0,0
I:\dev\language-ext\LanguageExt.Core\DataTypes\Compositions\Compositions.Extensions.cs,9,7,4,0,2,0,0,0,0,0
I:\dev\language-ext\LanguageExt.Core\DataTypes\Compositions\Compositions.Module.cs,175,128,76,24,12,0,35,231,0,0
I:\dev\language-ext\LanguageExt.Core\DataTypes\Cond\Cond.cs,335,118,39,9,21,0,196,1391,0,0
I:\dev\language-ext\LanguageExt.Core\DataTypes\Cond\CondAsync.cs,977,362,73,13,54,0,561,4055,0,0
I:\dev\language-ext\LanguageExt.Core\DataTypes\Either\Either.cs,1336,555,203,35,149,0,632,3556,0,0
I:\dev\language-ext\LanguageExt.Core\DataTypes\Either\Either.Extensions.cs,407,190,71,23,47,0,170,956,0,0
I:\dev\language-ext\LanguageExt.Core\DataTypes\Either\Either.Prelude.cs,753,227,76,8,60,0,466,2698,0,0
I:\dev\language-ext\LanguageExt.Core\DataTypes\Either\Either.Trans.cs,57,46,20,0,11,0,0,0,0,0
I:\dev\language-ext\LanguageExt.Core\DataTypes\Either\Task.Either.Extensions.cs,177,70,25,0,15,0,92,555,0,0
I:\dev\language-ext\LanguageExt.Core\DataTypes\Either-Shared\EItherData.cs,53,43,18,4,10,0,0,0,0,0
I:\dev\language-ext\LanguageExt.Core\DataTypes\Either-Shared\EitherLeft.cs,192,150,58,5,42,0,0,0,0,0
I:\dev\language-ext\LanguageExt.Core\DataTypes\Either-Shared\EitherRight.cs,247,193,72,6,54,0,0,0,0,0
I:\dev\language-ext\LanguageExt.Core\DataTypes\Either-Shared\EitherRightAndLeft.Extensions.cs,16,13,5,0,3,0,0,0,0,0
I:\dev\language-ext\LanguageExt.Core\DataTypes\Either-Shared\EitherState.cs,34,9,2,0,3,0,22,140,0,0
I:\dev\language-ext\LanguageExt.Core\DataTypes\Either-Shared\IEither.cs,44,35,21,0,9,0,0,0,0,0
I:\dev\language-ext\LanguageExt.Core\DataTypes\EitherAsync\EitherAsync.cs,1707,809,256,99,128,0,770,4711,0,0
I:\dev\language-ext\LanguageExt.Core\DataTypes\EitherAsync\EitherAsync.Extensions.cs,285,94,33,0,24,0,167,936,0,0
I:\dev\language-ext\LanguageExt.Core\DataTypes\EitherAsync\EitherAsync.Prelude.cs,1051,272,94,0,82,0,697,4169,0,0
I:\dev\language-ext\LanguageExt.Core\DataTypes\EitherUnsafe\EitherUnsafe.cs,980,412,157,22,101,0,467,2766,0,0
I:\dev\language-ext\LanguageExt.Core\DataTypes\EitherUnsafe\EitherUnsafe.Extensions.cs,399,187,70,23,48,0,164,924,0,0
I:\dev\language-ext\LanguageExt.Core\DataTypes\EitherUnsafe\EitherUnsafe.Prelude.cs,723,215,74,5,58,0,450,2616,0,0
I:\dev\language-ext\LanguageExt.Core\DataTypes\EitherUnsafe\EitherUnsafe.Trans.cs,57,46,20,0,11,0,0,0,0,0
I:\dev\language-ext\LanguageExt.Core\DataTypes\FloatType\FloatType.cs,61,27,11,1,4,0,30,147,0,0
I:\dev\language-ext\LanguageExt.Core\DataTypes\FloatType\FloatType.Extensions.cs,20,17,6,0,3,0,0,0,0,0
I:\dev\language-ext\LanguageExt.Core\DataTypes\FloatType\FloatType.Predicate.cs,494,213,78,9,59,0,222,1103,0,0
I:\dev\language-ext\LanguageExt.Core\DataTypes\FloatType\FloatType.Prelude.cs,240,151,30,0,25,0,64,488,0,0
I:\dev\language-ext\LanguageExt.Core\DataTypes\HashMap\HashMap.cs,881,365,155,17,107,0,409,2508,0,0
I:\dev\language-ext\LanguageExt.Core\DataTypes\HashMap\HashMap.Eq.cs,899,372,157,17,108,0,419,2567,0,0
I:\dev\language-ext\LanguageExt.Core\DataTypes\HashMap\HashMap.Extensions.cs,413,354,151,59,56,0,3,11,0,0
I:\dev\language-ext\LanguageExt.Core\DataTypes\HashMap\HashMap.Extensions.Eq.cs,23,17,11,0,3,0,3,11,0,0
I:\dev\language-ext\LanguageExt.Core\DataTypes\HashMap\HashMap.Internal.cs,1009,604,310,123,88,0,317,1915,0,0
I:\dev\language-ext\LanguageExt.Core\DataTypes\HashMap\HashMap.Module.cs,614,194,70,0,62,0,358,2282,0,0
I:\dev\language-ext\LanguageExt.Core\DataTypes\HashMap\HashMap.Module.Eq.cs,615,195,71,0,62,0,358,2282,0,0
I:\dev\language-ext\LanguageExt.Core\DataTypes\HashSet\HashSet.cs,533,250,103,19,64,0,219,1205,0,0
I:\dev\language-ext\LanguageExt.Core\DataTypes\HashSet\HashSet.Eq.cs,562,263,110,19,66,0,233,1281,0,0
I:\dev\language-ext\LanguageExt.Core\DataTypes\HashSet\HashSet.Internal.cs,586,490,255,113,68,0,28,161,0,0
I:\dev\language-ext\LanguageExt.Core\DataTypes\HashSet\HashSet.Module.cs,307,92,34,0,28,0,187,992,0,0
I:\dev\language-ext\LanguageExt.Core\DataTypes\HashSet\HashSet.Module.Eq.cs,323,98,36,0,29,0,196,1038,0,0
I:\dev\language-ext\LanguageExt.Core\DataTypes\Identity\Identity.cs,33,24,13,2,5,0,4,12,0,0
I:\dev\language-ext\LanguageExt.Core\DataTypes\List\ListInfo.cs,12,10,6,0,2,0,0,0,0,0
I:\dev\language-ext\LanguageExt.Core\DataTypes\List\Lst.cs,351,197,78,5,56,0,98,372,0,0
I:\dev\language-ext\LanguageExt.Core\DataTypes\List\Lst.Extensions.cs,974,330,126,12,83,0,561,3404,0,0
I:\dev\language-ext\LanguageExt.Core\DataTypes\List\Lst.Internal.cs,988,786,412,151,114,0,88,305,0,0
I:\dev\language-ext\LanguageExt.Core\DataTypes\List\Lst.Module.cs,1233,493,200,53,90,0,650,4017,0,0
I:\dev\language-ext\LanguageExt.Core\DataTypes\List\Lst.Predicate.cs,369,216,87,12,57,0,96,377,0,0
I:\dev\language-ext\LanguageExt.Core\DataTypes\List\Lst.Predicate2.cs,408,251,104,25,58,0,99,383,0,0
I:\dev\language-ext\LanguageExt.Core\DataTypes\Map\Map.cs,1065,441,211,31,131,0,493,3043,0,0
I:\dev\language-ext\LanguageExt.Core\DataTypes\Map\Map.EnumeratorK.cs,102,86,54,8,16,0,0,0,0,0
I:\dev\language-ext\LanguageExt.Core\DataTypes\Map\Map.EnumeratorKV.cs,102,86,54,8,16,0,0,0,0,0
I:\dev\language-ext\LanguageExt.Core\DataTypes\Map\Map.EnumeratorV.cs,102,86,54,8,16,0,0,0,0,0
I:\dev\language-ext\LanguageExt.Core\DataTypes\Map\Map.Extensions.cs,442,366,154,56,62,0,14,52,0,0
I:\dev\language-ext\LanguageExt.Core\DataTypes\Map\Map.Extensions.Ord.cs,42,27,14,0,4,0,11,51,0,0
I:\dev\language-ext\LanguageExt.Core\DataTypes\Map\Map.Internal.cs,1426,951,447,218,124,0,351,2100,0,0
I:\dev\language-ext\LanguageExt.Core\DataTypes\Map\Map.Module.cs,758,238,84,0,76,0,444,2834,0,0
I:\dev\language-ext\LanguageExt.Core\DataTypes\Map\Map.Module.Ord.cs,759,239,85,0,76,0,444,2830,0,0
I:\dev\language-ext\LanguageExt.Core\DataTypes\Map\Map.Ord.cs,1070,437,206,31,140,0,493,3043,0,0
I:\dev\language-ext\LanguageExt.Core\DataTypes\NewType\NewType.cs,52,23,11,1,4,0,25,114,0,0
I:\dev\language-ext\LanguageExt.Core\DataTypes\NewType\NewType.Predicate.cs,199,101,42,6,26,0,72,345,0,0
I:\dev\language-ext\LanguageExt.Core\DataTypes\NewType\NewType.Prelude.cs,46,40,13,0,6,0,0,0,0,0
I:\dev\language-ext\LanguageExt.Core\DataTypes\Nullable\Nullable.Extensions.cs,480,270,89,51,44,7,166,1110,0,0
I:\dev\language-ext\LanguageExt.Core\DataTypes\Nullable\Nullable.Prelude.cs,420,229,74,48,37,7,154,1055,0,0
I:\dev\language-ext\LanguageExt.Core\DataTypes\NumType\NumType.cs,61,27,11,1,5,0,29,144,0,0
I:\dev\language-ext\LanguageExt.Core\DataTypes\NumType\NumType.Extensions.cs,20,17,6,0,3,0,0,0,0,0
I:\dev\language-ext\LanguageExt.Core\DataTypes\NumType\NumType.Predicate.cs,317,163,62,9,43,0,111,537,0,0
I:\dev\language-ext\LanguageExt.Core\DataTypes\NumType\NumType.Prelude.cs,245,155,31,0,26,0,64,488,0,0
I:\dev\language-ext\LanguageExt.Core\DataTypes\Option\Option.cs,921,286,105,6,82,0,553,3420,0,0
I:\dev\language-ext\LanguageExt.Core\DataTypes\Option\Option.Extensions.Async.cs,989,238,86,0,76,0,675,4622,0,0
I:\dev\language-ext\LanguageExt.Core\DataTypes\Option\Option.Extensions.cs,286,123,43,7,24,0,139,835,0,0
I:\dev\language-ext\LanguageExt.Core\DataTypes\Option\Option.Prelude.cs,624,185,60,3,53,1,386,2495,0,0
I:\dev\language-ext\LanguageExt.Core\DataTypes\Option\Task.Option.Extensions.cs,1092,268,96,0,88,0,736,4893,0,0
I:\dev\language-ext\LanguageExt.Core\DataTypes\Option-Shared\IOptional.cs,45,35,21,0,10,0,0,0,0,0
I:\dev\language-ext\LanguageExt.Core\DataTypes\Option-Shared\OptionData.cs,119,98,52,16,21,0,0,0,0,0
I:\dev\language-ext\LanguageExt.Core\DataTypes\Option-Shared\OptionLazy.cs,14,7,5,0,2,0,5,36,0,0
I:\dev\language-ext\LanguageExt.Core\DataTypes\Option-Shared\OptionNone.cs,100,72,31,1,18,0,10,36,0,0
I:\dev\language-ext\LanguageExt.Core\DataTypes\Option-Shared\SomeContext.cs,74,35,21,0,9,0,30,166,0,0
I:\dev\language-ext\LanguageExt.Core\DataTypes\Option-Shared\SomeUnitContext.cs,93,61,37,6,12,0,20,110,0,0
I:\dev\language-ext\LanguageExt.Core\DataTypes\OptionAsync\OptionAsync.cs,1190,332,110,1,98,0,760,5013,0,0
I:\dev\language-ext\LanguageExt.Core\DataTypes\OptionAsync\OptionAsync.Extensions.cs,261,100,38,3,22,0,139,835,0,0
I:\dev\language-ext\LanguageExt.Core\DataTypes\OptionAsync\OptionAsync.Prelude.cs,866,235,81,7,66,0,565,3740,0,0
I:\dev\language-ext\LanguageExt.Core\DataTypes\OptionUnsafe\OptionUnsafe.cs,862,274,100,9,78,0,510,3156,0,0
I:\dev\language-ext\LanguageExt.Core\DataTypes\OptionUnsafe\OptionUnsafe.Extensions.cs,536,199,73,28,43,0,294,1827,0,0
I:\dev\language-ext\LanguageExt.Core\DataTypes\OptionUnsafe\OptionUnsafe.Prelude.cs,538,159,55,0,45,1,334,2171,0,0
I:\dev\language-ext\LanguageExt.Core\DataTypes\Patch\Edit.cs,136,73,54,0,14,0,49,174,0,0
I:\dev\language-ext\LanguageExt.Core\DataTypes\Patch\Patch.cs,165,55,32,0,24,0,86,463,0,0
I:\dev\language-ext\LanguageExt.Core\DataTypes\Patch\Patch.Internal.cs,136,118,75,18,18,0,0,0,0,0
I:\dev\language-ext\LanguageExt.Core\DataTypes\Patch\Patch.Module.cs,466,320,159,57,38,0,108,661,0,0
I:\dev\language-ext\LanguageExt.Core\DataTypes\Patch\PatchParams.cs,36,29,16,0,3,0,4,15,0,0
I:\dev\language-ext\LanguageExt.Core\DataTypes\Queue\Que.cs,125,98,40,1,27,0,0,0,0,0
I:\dev\language-ext\LanguageExt.Core\DataTypes\Queue\Que.Internal.cs,141,120,57,11,21,0,0,0,0,0
I:\dev\language-ext\LanguageExt.Core\DataTypes\Queue\Queue.Module.cs,251,179,65,0,56,0,16,68,0,0
I:\dev\language-ext\LanguageExt.Core\DataTypes\Range\BigIntegerRange.cs,12,10,6,0,2,0,0,0,0,0
I:\dev\language-ext\LanguageExt.Core\DataTypes\Range\CharRange.cs,31,16,8,1,5,0,10,51,0,0
I:\dev\language-ext\LanguageExt.Core\DataTypes\Range\DecimalRange.cs,11,9,5,0,2,0,0,0,0,0
I:\dev\language-ext\LanguageExt.Core\DataTypes\Range\DoubleRange.cs,11,9,5,0,2,0,0,0,0,0
I:\dev\language-ext\LanguageExt.Core\DataTypes\Range\FloatRange.cs,11,9,5,0,2,0,0,0,0,0
I:\dev\language-ext\LanguageExt.Core\DataTypes\Range\IntegerRange.cs,11,9,5,0,2,0,0,0,0,0
I:\dev\language-ext\LanguageExt.Core\DataTypes\Range\LongRange.cs,11,9,5,0,2,0,0,0,0,0
I:\dev\language-ext\LanguageExt.Core\DataTypes\Range\Range.cs,161,93,47,7,19,0,49,256,0,0
I:\dev\language-ext\LanguageExt.Core\DataTypes\Range\ShortRange.cs,11,9,5,0,2,0,0,0,0,0
I:\dev\language-ext\LanguageExt.Core\DataTypes\Reader\Reader.cs,7,6,4,0,1,0,0,0,0,0
I:\dev\language-ext\LanguageExt.Core\DataTypes\Reader\Reader.Extensions.cs,141,108,51,12,20,0,13,46,0,0
I:\dev\language-ext\LanguageExt.Core\DataTypes\Reader\Reader.Prelude.cs,102,56,25,6,9,0,37,158,0,0
I:\dev\language-ext\LanguageExt.Core\DataTypes\Reader\ReaderResult.cs,25,17,9,0,5,0,3,13,0,0
I:\dev\language-ext\LanguageExt.Core\DataTypes\Record\Attributes.cs,44,33,13,1,8,0,3,16,0,0
I:\dev\language-ext\LanguageExt.Core\DataTypes\Record\Record.cs,59,37,18,0,15,0,7,57,0,0
I:\dev\language-ext\LanguageExt.Core\DataTypes\Record\RecordType.cs,71,34,23,0,11,0,26,104,0,0
I:\dev\language-ext\LanguageExt.Core\DataTypes\Record\RecordTypeIgnoreBase.cs,66,30,21,0,10,0,26,104,0,0
I:\dev\language-ext\LanguageExt.Core\DataTypes\Record\TypeInfoExt.cs,57,48,23,5,9,0,0,0,0,0
I:\dev\language-ext\LanguageExt.Core\DataTypes\Result\OptionalResult.cs,239,151,57,18,34,0,54,194,0,0
I:\dev\language-ext\LanguageExt.Core\DataTypes\Result\Result.cs,197,128,48,14,29,0,40,138,0,0
I:\dev\language-ext\LanguageExt.Core\DataTypes\RWS\RWS.cs,11,9,6,0,2,0,0,0,0,0
I:\dev\language-ext\LanguageExt.Core\DataTypes\RWS\RWS.Extensions.cs,209,164,66,22,21,0,24,144,0,0
I:\dev\language-ext\LanguageExt.Core\DataTypes\RWS\RWS.Prelude.cs,292,132,45,6,28,0,132,655,0,0
I:\dev\language-ext\LanguageExt.Core\DataTypes\RWS\RWSResult.cs,29,20,11,0,6,0,3,17,0,0
I:\dev\language-ext\LanguageExt.Core\DataTypes\Seq\ISeq.cs,200,44,30,0,24,0,132,651,0,0
I:\dev\language-ext\LanguageExt.Core\DataTypes\Seq\Seq.cs,394,167,76,23,42,0,185,869,0,0
I:\dev\language-ext\LanguageExt.Core\DataTypes\Seq\Seq.Extensions.cs,623,157,59,2,51,0,415,2707,0,0
I:\dev\language-ext\LanguageExt.Core\DataTypes\Seq\Seq.Module.cs,930,324,129,38,66,0,540,3476,0,0
I:\dev\language-ext\LanguageExt.Core\DataTypes\Seq\SeqArray.cs,142,107,52,26,19,0,16,51,0,0
I:\dev\language-ext\LanguageExt.Core\DataTypes\Seq\SeqCons.cs,163,135,80,31,21,0,7,25,0,0
I:\dev\language-ext\LanguageExt.Core\DataTypes\Seq\SeqEmpty.cs,68,43,25,0,18,0,7,35,0,0
I:\dev\language-ext\LanguageExt.Core\DataTypes\Seq\SeqEnumerable.cs,179,144,85,32,21,0,14,42,0,0
I:\dev\language-ext\LanguageExt.Core\DataTypes\Seq\SeqEnumerable2.cs,105,71,37,5,19,0,15,61,0,0
I:\dev\language-ext\LanguageExt.Core\DataTypes\Seq\SeqList.cs,130,89,46,19,19,0,22,76,0,0
I:\dev\language-ext\LanguageExt.Core\DataTypes\Seq\SeqLst.cs,123,88,45,17,19,0,16,51,0,0
I:\dev\language-ext\LanguageExt.Core\DataTypes\Set\Set.cs,543,231,90,6,67,0,245,1343,0,0
I:\dev\language-ext\LanguageExt.Core\DataTypes\Set\Set.Internal.cs,1125,807,386,170,105,0,213,1138,0,0
I:\dev\language-ext\LanguageExt.Core\DataTypes\Set\Set.Module.cs,348,101,37,0,32,0,215,1203,0,0
I:\dev\language-ext\LanguageExt.Core\DataTypes\Set\Set.Ord.cs,540,222,84,6,66,0,252,1384,0,0
I:\dev\language-ext\LanguageExt.Core\DataTypes\Set\Set.Ord.Module.cs,364,107,39,0,33,0,224,1249,0,0
I:\dev\language-ext\LanguageExt.Core\DataTypes\Some\Some.cs,149,112,45,7,23,0,14,76,0,0
I:\dev\language-ext\LanguageExt.Core\DataTypes\SpanArray\SpanArray.cs,109,78,44,10,18,0,13,114,0,0
I:\dev\language-ext\LanguageExt.Core\DataTypes\Stack\Stack.Module.cs,908,224,80,0,71,0,613,3998,0,0
I:\dev\language-ext\LanguageExt.Core\DataTypes\Stack\Stck.cs,261,109,44,1,31,0,121,681,0,0
I:\dev\language-ext\LanguageExt.Core\DataTypes\Stack\Stck.Internal.cs,307,170,79,21,25,0,112,595,0,0
I:\dev\language-ext\LanguageExt.Core\DataTypes\State\State.cs,12,11,9,0,1,0,0,0,0,0
I:\dev\language-ext\LanguageExt.Core\DataTypes\State\State.Extensions.cs,171,139,66,22,21,0,11,61,0,0
I:\dev\language-ext\LanguageExt.Core\DataTypes\State\State.Prelude.cs,108,59,26,6,10,0,39,180,0,0
I:\dev\language-ext\LanguageExt.Core\DataTypes\State\StateResult.cs,28,19,10,0,6,0,3,13,0,0
I:\dev\language-ext\LanguageExt.Core\DataTypes\Task\Task.Extensions.cs,249,158,71,14,27,0,64,291,0,0
I:\dev\language-ext\LanguageExt.Core\DataTypes\Task\Task.Prelude.cs,167,80,31,2,22,0,65,310,0,0
I:\dev\language-ext\LanguageExt.Core\DataTypes\Task\Tasks.cs,86,75,43,16,11,0,0,0,0,0
I:\dev\language-ext\LanguageExt.Core\DataTypes\Try\Task.Try.Extensions.cs,603,265,102,13,61,0,277,1577,0,0
I:\dev\language-ext\LanguageExt.Core\DataTypes\Try\Try.cs,13,4,2,0,1,0,8,48,0,0
I:\dev\language-ext\LanguageExt.Core\DataTypes\Try\Try.Extensions.Async.cs,512,180,68,0,57,0,275,1601,0,0
I:\dev\language-ext\LanguageExt.Core\DataTypes\Try\Try.Extensions.cs,796,454,183,76,78,0,264,1507,0,0
I:\dev\language-ext\LanguageExt.Core\DataTypes\Try\Try.Prelude.cs,556,188,66,1,58,0,310,1834,0,0
I:\dev\language-ext\LanguageExt.Core\DataTypes\Try\TryConfig.cs,10,8,5,0,2,0,0,0,0,0
I:\dev\language-ext\LanguageExt.Core\DataTypes\Try\TrySuccContext.cs,41,33,18,0,8,0,0,0,0,0
I:\dev\language-ext\LanguageExt.Core\DataTypes\TryAsync\TryAsync.cs,15,5,3,0,2,0,8,48,0,0
I:\dev\language-ext\LanguageExt.Core\DataTypes\TryAsync\TryAsync.Extensions.cs,1204,712,329,141,117,0,375,2127,0,0
I:\dev\language-ext\LanguageExt.Core\DataTypes\TryAsync\TryAsync.Prelude.cs,525,174,61,1,53,0,298,1731,0,0
I:\dev\language-ext\LanguageExt.Core\DataTypes\TryAsync\TryAsyncSuccContext.cs,50,40,21,0,10,0,0,0,0,0
I:\dev\language-ext\LanguageExt.Core\DataTypes\TryOption\Task.TryOption.Extensions.cs,781,252,96,5,73,0,456,2655,0,0
I:\dev\language-ext\LanguageExt.Core\DataTypes\TryOption\TryOption.cs,14,5,2,0,1,0,8,49,0,0
I:\dev\language-ext\LanguageExt.Core\DataTypes\TryOption\TryOption.Extensions.Async.cs,772,238,86,0,75,0,459,2666,0,0
I:\dev\language-ext\LanguageExt.Core\DataTypes\TryOption\TryOption.Extensions.cs,946,584,238,109,86,0,276,1546,0,0
I:\dev\language-ext\LanguageExt.Core\DataTypes\TryOption\TryOption.Prelude.cs,574,187,64,1,57,0,330,1895,0,0
I:\dev\language-ext\LanguageExt.Core\DataTypes\TryOption\TryOptionSuccContext.cs,82,67,38,0,15,0,0,0,0,0
I:\dev\language-ext\LanguageExt.Core\DataTypes\TryOptionAsync\TryOptionAsync.cs,15,5,3,0,2,0,8,48,0,0
I:\dev\language-ext\LanguageExt.Core\DataTypes\TryOptionAsync\TryOptionAsync.Extensions.cs,2184,1195,541,315,196,0,793,5008,0,0
I:\dev\language-ext\LanguageExt.Core\DataTypes\TryOptionAsync\TryOptionAsync.Prelude.cs,647,204,72,1,64,0,379,2462,0,0
I:\dev\language-ext\LanguageExt.Core\DataTypes\TryOptionAsync\TryOptionAsyncSuccContext.cs,61,49,27,0,12,0,0,0,0,0
I:\dev\language-ext\LanguageExt.Core\DataTypes\Tuple\Tuple.Prelude.cs,58,29,11,0,8,0,21,49,0,0
I:\dev\language-ext\LanguageExt.Core\DataTypes\Tuple\Tuple1\Tuple1.Extensions.cs,101,53,22,1,12,0,36,103,0,0
I:\dev\language-ext\LanguageExt.Core\DataTypes\Tuple\Tuple1\Tuple1.Prelude.cs,97,53,22,1,11,0,33,95,0,0
I:\dev\language-ext\LanguageExt.Core\DataTypes\Tuple\Tuple2\Tuple2.Extensions.cs,194,98,37,2,24,0,72,192,0,0
I:\dev\language-ext\LanguageExt.Core\DataTypes\Tuple\Tuple2\Tuple2.Prelude.cs,159,83,30,1,19,0,57,155,0,0
I:\dev\language-ext\LanguageExt.Core\DataTypes\Tuple\Tuple3\Tuple3.Extensions.cs,202,106,38,2,24,0,72,195,0,0
I:\dev\language-ext\LanguageExt.Core\DataTypes\Tuple\Tuple3\Tuple3.Prelude.cs,191,103,37,2,22,0,66,181,0,0
I:\dev\language-ext\LanguageExt.Core\DataTypes\Tuple\Tuple4\Tuple4.Extensions.cs,210,114,39,2,24,0,72,199,0,0
I:\dev\language-ext\LanguageExt.Core\DataTypes\Tuple\Tuple4\Tuple4.Prelude.cs,206,114,39,2,23,0,69,191,0,0
I:\dev\language-ext\LanguageExt.Core\DataTypes\Tuple\Tuple5\Tuple5.Extensions.cs,230,126,42,2,26,0,78,214,0,0
I:\dev\language-ext\LanguageExt.Core\DataTypes\Tuple\Tuple5\Tuple5.Prelude.cs,220,123,41,2,25,0,72,200,0,0
I:\dev\language-ext\LanguageExt.Core\DataTypes\Tuple\Tuple6\Tuple6.Extensions.cs,245,137,44,2,27,0,81,223,0,0
I:\dev\language-ext\LanguageExt.Core\DataTypes\Tuple\Tuple6\Tuple6.Prelude.cs,235,134,43,2,26,0,75,209,0,0
I:\dev\language-ext\LanguageExt.Core\DataTypes\Tuple\Tuple7\Tuple7.Extensions.cs,244,140,44,2,26,0,78,214,0,0
I:\dev\language-ext\LanguageExt.Core\DataTypes\Tuple\Tuple7\Tuple7.Prelude.cs,241,140,44,2,26,0,75,206,0,0
I:\dev\language-ext\LanguageExt.Core\DataTypes\Unit\Unit.cs,80,47,18,0,15,0,18,75,0,0
I:\dev\language-ext\LanguageExt.Core\DataTypes\Unit\Unit.Prelude.cs,20,10,4,0,2,0,8,27,0,0
I:\dev\language-ext\LanguageExt.Core\DataTypes\UnitsOfMeasure\Accel.cs,145,95,45,2,41,0,9,58,0,0
I:\dev\language-ext\LanguageExt.Core\DataTypes\UnitsOfMeasure\Area.cs,160,106,52,2,45,0,9,57,0,0
I:\dev\language-ext\LanguageExt.Core\DataTypes\UnitsOfMeasure\Length.cs,231,156,81,2,66,0,9,57,0,0
I:\dev\language-ext\LanguageExt.Core\DataTypes\UnitsOfMeasure\Temperature.cs,264,216,58,0,48,0,0,0,0,0
I:\dev\language-ext\LanguageExt.Core\DataTypes\UnitsOfMeasure\Time.cs,190,127,62,3,54,0,9,54,0,0
I:\dev\language-ext\LanguageExt.Core\DataTypes\UnitsOfMeasure\TimeSq.cs,106,72,34,2,31,0,3,9,0,0
I:\dev\language-ext\LanguageExt.Core\DataTypes\UnitsOfMeasure\Velocity.cs,181,121,59,3,51,0,9,58,0,0
I:\dev\language-ext\LanguageExt.Core\DataTypes\UnitsOfMeasure\VelocitySq.cs,107,72,34,2,31,0,4,13,0,0
I:\dev\language-ext\LanguageExt.Core\DataTypes\Validation\Validation.cs,785,374,135,26,83,0,328,1730,0,0
I:\dev\language-ext\LanguageExt.Core\DataTypes\Validation\Validation.Prelude.cs,16,14,6,0,2,0,0,0,0,0
I:\dev\language-ext\LanguageExt.Core\DataTypes\Validation\ValidationData.cs,28,24,14,0,4,0,0,0,0,0
I:\dev\language-ext\LanguageExt.Core\DataTypes\Validation\ValidationDataSeq.cs,26,22,14,0,4,0,0,0,0,0
I:\dev\language-ext\LanguageExt.Core\DataTypes\Validation\ValidationSeq.cs,779,374,135,27,82,0,323,1700,0,0
I:\dev\language-ext\LanguageExt.Core\DataTypes\ValueTuple\ValueTuple.Prelude.cs,65,32,12,0,9,0,24,56,0,0
I:\dev\language-ext\LanguageExt.Core\DataTypes\ValueTuple\Tuple1\ValueTuple1.Extensions.cs,102,54,22,1,12,0,36,103,0,0
I:\dev\language-ext\LanguageExt.Core\DataTypes\ValueTuple\Tuple1\ValueTuple1.Prelude.cs,98,54,22,1,11,0,33,95,0,0
I:\dev\language-ext\LanguageExt.Core\DataTypes\ValueTuple\Tuple2\ValueTuple2.Extensions.cs,180,92,35,2,22,0,66,180,0,0
I:\dev\language-ext\LanguageExt.Core\DataTypes\ValueTuple\Tuple2\ValueTuple2.Prelude.cs,159,83,30,1,19,0,57,155,0,0
I:\dev\language-ext\LanguageExt.Core\DataTypes\ValueTuple\Tuple3\ValueTuple3.Extensions.cs,195,103,37,2,23,0,69,189,0,0
I:\dev\language-ext\LanguageExt.Core\DataTypes\ValueTuple\Tuple3\ValueTuple3.Prelude.cs,191,103,37,2,22,0,66,181,0,0
I:\dev\language-ext\LanguageExt.Core\DataTypes\ValueTuple\Tuple4\ValueTuple4.Extensions.cs,210,114,39,2,24,0,72,199,0,0
I:\dev\language-ext\LanguageExt.Core\DataTypes\ValueTuple\Tuple4\ValueTuple4.Prelude.cs,206,113,39,2,24,0,69,191,0,0
I:\dev\language-ext\LanguageExt.Core\DataTypes\ValueTuple\Tuple5\ValueTuple5.Extensions.cs,223,123,41,2,25,0,75,208,0,0
I:\dev\language-ext\LanguageExt.Core\DataTypes\ValueTuple\Tuple5\ValueTuple5.Prelude.cs,220,123,41,2,25,0,72,200,0,0
I:\dev\language-ext\LanguageExt.Core\DataTypes\ValueTuple\Tuple6\ValueTuple6.Extensions.cs,238,134,43,2,26,0,78,217,0,0
I:\dev\language-ext\LanguageExt.Core\DataTypes\ValueTuple\Tuple6\ValueTuple6.Prelude.cs,234,133,43,2,26,0,75,209,0,0
I:\dev\language-ext\LanguageExt.Core\DataTypes\ValueTuple\Tuple7\ValueTuple7.Extensions.cs,252,144,45,2,27,0,81,226,0,0
I:\dev\language-ext\LanguageExt.Core\DataTypes\ValueTuple\Tuple7\ValueTuple7.Prelude.cs,249,144,45,2,27,0,78,218,0,0
I:\dev\language-ext\LanguageExt.Core\DataTypes\VectorClock\VectorClock.cs,315,213,124,35,31,0,71,369,0,0
I:\dev\language-ext\LanguageExt.Core\DataTypes\VectorClock\Versioned.cs,41,32,19,0,9,0,0,0,0,0
I:\dev\language-ext\LanguageExt.Core\DataTypes\Writer\Writer.cs,9,7,5,0,2,0,0,0,0,0
I:\dev\language-ext\LanguageExt.Core\DataTypes\Writer\Writer.Extensions.cs,212,157,67,22,21,0,34,184,0,0
I:\dev\language-ext\LanguageExt.Core\DataTypes\Writer\Writer.Prelude.cs,205,98,35,2,20,0,87,340,0,0
I:\dev\language-ext\LanguageExt.Core\Extensions\ActionObservable.cs,36,27,16,1,4,0,5,36,0,0
I:\dev\language-ext\LanguageExt.Core\Extensions\ObjectExt.cs,71,39,19,1,7,0,25,115,0,0
I:\dev\language-ext\LanguageExt.Core\Extensions\ObservableExt.cs,38,24,8,2,3,0,11,61,0,0
I:\dev\language-ext\LanguageExt.Core\Extensions\Query.cs,189,136,66,3,53,0,0,0,0,0
I:\dev\language-ext\LanguageExt.Core\Extensions\TryOutExt.cs,45,26,12,4,3,0,16,72,0,0
I:\dev\language-ext\LanguageExt.Core\Extensions\UnsafeValueAccess.cs,57,46,16,8,11,0,0,0,0,0
I:\dev\language-ext\LanguageExt.Core\HKT\ExtraPrelude.cs,218,149,74,0,69,0,0,0,0,0
I:\dev\language-ext\LanguageExt.Core\HKT\OptionT.cs,85,63,23,0,16,0,6,17,0,0
I:\dev\language-ext\LanguageExt.Core\HKT\SeqTrans.cs,96,76,23,0,16,0,4,26,0,0
I:\dev\language-ext\LanguageExt.Core\HKT\Trans.cs,101,76,23,0,16,0,9,37,0,0
I:\dev\language-ext\LanguageExt.Core\HKT\TransAsync.cs,137,107,29,0,21,0,9,37,0,0
I:\dev\language-ext\LanguageExt.Core\HKT\TransAsyncSync.cs,88,65,22,0,14,1,9,42,0,0
I:\dev\language-ext\LanguageExt.Core\HKT\TransSyncAsync.cs,202,170,63,12,23,1,9,42,0,0
I:\dev\language-ext\LanguageExt.Core\HKT\Async\HKT.Async.Extensions.cs,12731,4178,915,100,878,1,7675,52926,0,1
I:\dev\language-ext\LanguageExt.Core\HKT\AsyncSync\HKT.AsyncSync.Extensions.cs,19320,6142,1753,125,1418,1,11760,80800,0,1
I:\dev\language-ext\LanguageExt.Core\HKT\Extensions\BindExtensions.Outer.AsyncSync.cs,779,668,304,110,98,0,13,39,0,0
I:\dev\language-ext\LanguageExt.Core\HKT\Extensions\TraverseExtensions.cs,327,248,150,24,79,0,0,0,0,0
I:\dev\language-ext\LanguageExt.Core\HKT\Sync\HKT.Extensions.cs,57606,18200,4378,325,4033,1,35373,243698,0,1
I:\dev\language-ext\LanguageExt.Core\HKT\Sync\HKT.Prelude.cs,48011,14715,3896,169,3552,1,29744,206705,0,1
I:\dev\language-ext\LanguageExt.Core\HKT\SyncAsync\HKT.SyncAsync.Extensions.cs,30996,10038,2225,260,2083,1,18875,131405,0,1
I:\dev\language-ext\LanguageExt.Core\obj\Debug\net45\LanguageExt.Core.AssemblyInfo.cs,28,13,2,0,5,0,10,36,9,30
I:\dev\language-ext\LanguageExt.Core\obj\Debug\net451\LanguageExt.Core.AssemblyInfo.cs,28,13,2,0,5,0,10,36,9,30
I:\dev\language-ext\LanguageExt.Core\obj\Debug\netstandard1.3\LanguageExt.Core.AssemblyInfo.cs,28,13,2,0,5,0,10,36,9,30
I:\dev\language-ext\LanguageExt.Core\obj\Debug\netstandard2.0\LanguageExt.Core.AssemblyInfo.cs,28,13,2,0,5,0,10,36,9,30
I:\dev\language-ext\LanguageExt.Core\obj\Release\net45\LanguageExt.Core.AssemblyInfo.cs,21,13,2,0,3,0,5,10,5,10
I:\dev\language-ext\LanguageExt.Core\obj\Release\net451\LanguageExt.Core.AssemblyInfo.cs,21,13,2,0,3,0,5,10,5,10
I:\dev\language-ext\LanguageExt.Core\obj\Release\netstandard1.3\LanguageExt.Core.AssemblyInfo.cs,21,13,2,0,3,0,5,10,5,10
I:\dev\language-ext\LanguageExt.Core\obj\Release\netstandard2.0\LanguageExt.Core.AssemblyInfo.cs,21,13,2,0,3,0,5,10,5,10
I:\dev\language-ext\LanguageExt.Core\Prelude\Prelude.cs,343,129,54,13,25,0,189,962,0,0
I:\dev\language-ext\LanguageExt.Core\Prelude\Prelude_Collections.cs,1185,529,179,25,173,0,483,1849,0,0
I:\dev\language-ext\LanguageExt.Core\Prelude\Prelude_Curry.cs,119,35,13,0,12,0,72,270,0,0
I:\dev\language-ext\LanguageExt.Core\Prelude\Prelude_Flip.cs,71,35,15,0,12,0,24,140,0,0
I:\dev\language-ext\LanguageExt.Core\Prelude\Prelude_Func.cs,722,120,66,0,54,0,548,2821,0,0
I:\dev\language-ext\LanguageExt.Core\Prelude\Prelude_Memoize.cs,238,126,69,14,19,0,93,656,0,0
I:\dev\language-ext\LanguageExt.Core\Prelude\Prelude_Obsolete.cs,402,276,98,21,52,0,74,319,0,0
I:\dev\language-ext\LanguageExt.Core\Prelude\Prelude_Parse.cs,117,94,36,7,23,0,0,0,0,0
I:\dev\language-ext\LanguageExt.Core\Prelude\Prelude_PartialApplication.cs,654,281,95,0,100,0,273,638,0,0
I:\dev\language-ext\LanguageExt.Core\Prelude\Prelude_Random.cs,42,27,16,3,4,0,11,59,0,0
I:\dev\language-ext\LanguageExt.Core\Prelude\Prelude_Timer.cs,39,23,12,2,3,0,13,65,0,0
I:\dev\language-ext\LanguageExt.Core\Prelude\Prelude_Uncurry.cs,108,50,18,0,16,0,42,224,0,0
I:\dev\language-ext\LanguageExt.Core\Prelude\Prelude_UnitsOfMeasure.cs,510,73,69,0,65,0,372,941,0,0
I:\dev\language-ext\LanguageExt.Core\Prelude\Prelude_Use.cs,115,56,22,2,11,0,48,262,0,0
I:\dev\language-ext\LanguageExt.Core\Prelude\Prelude_Validate.cs,695,636,33,0,29,0,30,108,0,0
I:\dev\language-ext\LanguageExt.Core\TypeClasses\Typeclass.cs,7,6,2,0,1,0,0,0,0,0
I:\dev\language-ext\LanguageExt.Core\TypeClasses\Alternative\Alternative.cs,22,10,5,0,3,0,9,33,0,0
I:\dev\language-ext\LanguageExt.Core\TypeClasses\Applicative\Applicative.cs,86,27,11,0,6,0,53,292,0,0
I:\dev\language-ext\LanguageExt.Core\TypeClasses\ApplicativeAsync\ApplicativeAsync.cs,87,28,12,0,6,0,53,292,0,0
I:\dev\language-ext\LanguageExt.Core\TypeClasses\Arithmetic\Arithmetic.cs,46,18,9,0,5,0,23,126,0,0
I:\dev\language-ext\LanguageExt.Core\TypeClasses\AsyncPair\AsyncPair.cs,11,9,4,0,2,0,0,0,0,0
I:\dev\language-ext\LanguageExt.Core\TypeClasses\BiFoldable\BiFoldable.cs,82,22,10,0,4,0,56,396,0,0
I:\dev\language-ext\LanguageExt.Core\TypeClasses\BiFoldable\BiFoldable.Prelude.cs,164,73,31,12,10,0,81,485,0,0
I:\dev\language-ext\LanguageExt.Core\TypeClasses\BiFoldableAsync\BiFoldableAsync.cs,287,47,23,0,16,0,224,1584,0,0
I:\dev\language-ext\LanguageExt.Core\TypeClasses\BiFoldableAsync\BiFoldableAsync.Prelude.cs,282,98,38,12,16,0,168,1109,0,0
I:\dev\language-ext\LanguageExt.Core\TypeClasses\BiFunctor\BiFunctor.cs,56,18,8,0,4,0,34,190,0,0
I:\dev\language-ext\LanguageExt.Core\TypeClasses\BiFunctor\BiFunctor.Prelude.cs,51,19,9,0,3,0,29,183,0,0
I:\dev\language-ext\LanguageExt.Core\TypeClasses\BiFunctorAsync\BiFunctorAsync.cs,159,31,15,0,10,0,118,718,0,0
I:\dev\language-ext\LanguageExt.Core\TypeClasses\Bool\Bool.cs,71,26,13,0,9,0,36,192,0,0
I:\dev\language-ext\LanguageExt.Core\TypeClasses\Choice\Choice.cs,41,19,10,0,5,0,17,77,0,0
I:\dev\language-ext\LanguageExt.Core\TypeClasses\Choice\Choice.Prelude.cs,367,203,53,4,31,0,133,852,0,0
I:\dev\language-ext\LanguageExt.Core\TypeClasses\ChoiceAsync\ChoiceAsync.cs,109,37,21,0,15,0,57,299,0,0
I:\dev\language-ext\LanguageExt.Core\TypeClasses\ChoiceAsync\ChoiceAsync.Prelude.cs,381,221,58,5,36,0,124,819,0,0
I:\dev\language-ext\LanguageExt.Core\TypeClasses\ChoiceUnsafe\ChoiceUnsafe.cs,41,19,10,0,5,0,17,77,0,0
I:\dev\language-ext\LanguageExt.Core\TypeClasses\ChoiceUnsafe\ChoiceUnsafe.Prelude.cs,335,183,50,4,28,0,124,819,0,0
I:\dev\language-ext\LanguageExt.Core\TypeClasses\ChoiceUnsafeAsync\ChoiceUnsafeAsync.cs,81,29,17,0,11,0,41,203,0,0
I:\dev\language-ext\LanguageExt.Core\TypeClasses\ChoiceUnsafeAsync\ChoiceUnsafeAsync.Prelude.cs,378,199,50,3,35,0,144,892,0,0
I:\dev\language-ext\LanguageExt.Core\TypeClasses\Const\Const.cs,15,9,4,0,2,0,4,11,0,0
I:\dev\language-ext\LanguageExt.Core\TypeClasses\Eq\Eq.cs,32,13,6,0,3,0,16,72,0,0
I:\dev\language-ext\LanguageExt.Core\TypeClasses\Eq\Eq.Extensions.cs,43,21,9,0,4,0,18,108,0,0
I:\dev\language-ext\LanguageExt.Core\TypeClasses\Eq\Eq.Prelude.cs,215,80,26,1,21,0,114,684,0,0
I:\dev\language-ext\LanguageExt.Core\TypeClasses\EqAsync\EqAsync.cs,33,14,7,0,3,0,16,75,0,0
I:\dev\language-ext\LanguageExt.Core\TypeClasses\EqAsync\EqAsync.Prelude.cs,32,17,9,0,3,0,12,72,0,0
I:\dev\language-ext\LanguageExt.Core\TypeClasses\Floating\Floating.cs,162,45,22,0,18,0,99,521,0,0
I:\dev\language-ext\LanguageExt.Core\TypeClasses\Floating\Floating.Prelude.cs,187,65,23,0,20,0,102,525,0,0
I:\dev\language-ext\LanguageExt.Core\TypeClasses\Foldable\Foldable.cs,56,20,9,0,5,0,31,205,0,0
I:\dev\language-ext\LanguageExt.Core\TypeClasses\Foldable\Foldable.Prelude.cs,228,92,36,11,18,0,118,671,0,0
I:\dev\language-ext\LanguageExt.Core\TypeClasses\FoldableAsync\FoldableAsync.cs,90,25,12,0,7,0,58,393,0,0
I:\dev\language-ext\LanguageExt.Core\TypeClasses\FoldableAsync\FoldableAsync.Prelude.cs,293,108,43,13,22,0,163,970,0,0
I:\dev\language-ext\LanguageExt.Core\TypeClasses\Fraction\Fraction.cs,23,11,5,0,2,0,10,48,0,0
I:\dev\language-ext\LanguageExt.Core\TypeClasses\Fraction\Fraction.Extensions.cs,18,11,5,0,2,0,5,28,0,0
I:\dev\language-ext\LanguageExt.Core\TypeClasses\Fraction\Fraction.Prelude.cs,18,11,5,0,2,0,5,28,0,0
I:\dev\language-ext\LanguageExt.Core\TypeClasses\Functor\Functor.cs,27,12,6,0,2,0,13,57,0,0
I:\dev\language-ext\LanguageExt.Core\TypeClasses\Functor\Functor.Prelude.cs,28,15,8,0,2,0,11,58,0,0
I:\dev\language-ext\LanguageExt.Core\TypeClasses\FunctorAsync\FunctorAsync.cs,28,13,7,0,2,0,13,57,0,0
I:\dev\language-ext\LanguageExt.Core\TypeClasses\FunctorAsync\FunctorAsync.Prelude.cs,45,20,10,0,3,0,22,116,0,0
I:\dev\language-ext\LanguageExt.Core\TypeClasses\Liftable\Liftable.cs,23,11,5,0,2,0,10,37,0,0
I:\dev\language-ext\LanguageExt.Core\TypeClasses\Monad\Monad.cs,230,38,17,0,11,0,181,1258,0,0
I:\dev\language-ext\LanguageExt.Core\TypeClasses\Monad\Monad.Prelude.cs,203,110,27,2,18,0,75,325,0,0
I:\dev\language-ext\LanguageExt.Core\TypeClasses\MonadAsync\MonadAsync.cs,219,38,17,0,11,0,170,1155,0,0
I:\dev\language-ext\LanguageExt.Core\TypeClasses\MonadAsync\MonadAsync.Prelude.cs,389,240,42,6,35,0,114,462,0,0
I:\dev\language-ext\LanguageExt.Core\TypeClasses\MonadReader\MonadReader.cs,37,16,8,0,4,0,17,81,0,0
I:\dev\language-ext\LanguageExt.Core\TypeClasses\MonadRWS\MonadRWS.cs,63,23,11,0,7,0,33,184,0,0
I:\dev\language-ext\LanguageExt.Core\TypeClasses\MonadState\MonadState.cs,38,16,8,0,4,0,18,91,0,0
I:\dev\language-ext\LanguageExt.Core\TypeClasses\MonadTrans\MonadTrans.cs,43,33,14,0,10,0,0,0,0,0
I:\dev\language-ext\LanguageExt.Core\TypeClasses\MonadTrans\MonadTrans.Extensions.cs,43,35,13,0,8,0,0,0,0,0
I:\dev\language-ext\LanguageExt.Core\TypeClasses\MonadTransAsync\MonadTransAsync.cs,60,45,20,0,15,0,0,0,0,0
I:\dev\language-ext\LanguageExt.Core\TypeClasses\MonadTransAsync\MonadTransAsync.Extensions.cs,41,34,12,0,7,0,0,0,0,0
I:\dev\language-ext\LanguageExt.Core\TypeClasses\MonadTransAsync\MonadTransAsyncSync.cs,27,22,11,0,5,0,0,0,0,0
I:\dev\language-ext\LanguageExt.Core\TypeClasses\MonadTransAsync\MonadTransSyncAsync.cs,52,39,18,0,13,0,0,0,0,0
I:\dev\language-ext\LanguageExt.Core\TypeClasses\MonadWriter\MonadWriter.cs,32,15,7,0,3,0,14,79,0,0
I:\dev\language-ext\LanguageExt.Core\TypeClasses\Monoid\Monoid.cs,25,11,5,0,3,0,11,45,0,0
I:\dev\language-ext\LanguageExt.Core\TypeClasses\Monoid\Monoid.Prelude.cs,31,18,8,0,4,0,9,31,0,0
I:\dev\language-ext\LanguageExt.Core\TypeClasses\Num\Num.cs,72,23,11,0,8,0,41,207,0,0
I:\dev\language-ext\LanguageExt.Core\TypeClasses\Num\Num.Prelude.cs,112,41,15,0,12,0,59,314,0,0
I:\dev\language-ext\LanguageExt.Core\TypeClasses\Optional\Optional.cs,51,25,13,0,9,0,17,81,0,0
I:\dev\language-ext\LanguageExt.Core\TypeClasses\Optional\Optional.Prelude.cs,188,94,26,0,18,0,76,468,0,0
I:\dev\language-ext\LanguageExt.Core\TypeClasses\OptionalAsync\OptionalAsync.cs,91,37,21,0,16,0,38,184,0,0
I:\dev\language-ext\LanguageExt.Core\TypeClasses\OptionalAsync\OptionalAsync.Prelude.cs,316,149,36,0,28,0,139,908,0,0
I:\dev\language-ext\LanguageExt.Core\TypeClasses\OptionalUnsafe\OptionalUnsafe.cs,51,25,13,0,9,0,17,87,0,0
I:\dev\language-ext\LanguageExt.Core\TypeClasses\OptionalUnsafe\OptionalUnsafe.Prelude.cs,149,71,23,0,14,0,64,424,0,0
I:\dev\language-ext\LanguageExt.Core\TypeClasses\OptionalUnsafeAsync\OptionalUnsafeAsync.cs,70,34,18,0,13,0,23,127,0,0
I:\dev\language-ext\LanguageExt.Core\TypeClasses\OptionalUnsafeAsync\OptionalUnsafeAsync.Prelude.cs,417,191,40,0,39,0,187,1283,0,0
I:\dev\language-ext\LanguageExt.Core\TypeClasses\Ord\Ord.cs,25,11,5,0,2,0,12,55,0,0
I:\dev\language-ext\LanguageExt.Core\TypeClasses\Ord\Ord.Prelude.cs,308,95,28,2,23,0,190,1046,0,0
I:\dev\language-ext\LanguageExt.Core\TypeClasses\Predicate\Predicate.cs,23,11,5,0,2,0,10,41,0,0
I:\dev\language-ext\LanguageExt.Core\TypeClasses\Ratio\Ratio.cs,30,14,8,0,4,0,12,49,0,0
I:\dev\language-ext\LanguageExt.Core\TypeClasses\Semigroup\Semigroup.cs,19,11,5,0,2,0,6,31,0,0
I:\dev\language-ext\LanguageExt.Core\TypeClasses\Semigroup\Semigroup.Prelude.cs,205,92,23,2,17,0,96,516,0,0
I:\dev\language-ext\LanguageExt.Core\TypeClasses\TriFunctor\TriFunctor.cs,61,18,8,0,4,0,39,219,0,0
I:\dev\language-ext\LanguageExt.Core\TypeClasses\TriFunctor\TriFunctor.Prelude.cs,55,19,9,0,3,0,33,205,0,0
I:\dev\language-ext\LanguageExt.Core\Utility\Check.cs,11,10,3,1,1,0,0,0,0,0
I:\dev\language-ext\LanguageExt.Core\Utility\IL.cs,976,739,401,85,152,8,85,556,0,0
I:\dev\language-ext\LanguageExt.Core\Utility\ObjectPool.cs,54,48,28,3,6,0,0,0,0,0
I:\dev\language-ext\LanguageExt.Core\Utility\Reflect.cs,287,255,137,81,23,0,9,55,0,0
I:\dev\language-ext\LanguageExt.Core\Utility\ExceptionMatch\ExceptionMatch.cs,123,58,24,6,9,0,56,248,0,0
I:\dev\language-ext\LanguageExt.Core\Utility\ExceptionMatch\ExceptionMatchAsync.cs,129,68,25,9,9,0,52,237,0,0
I:\dev\language-ext\LanguageExt.Core\Utility\ExceptionMatch\ExceptionMatchOptionalAsync.cs,129,68,25,9,9,0,52,237,0,0
I:\dev\language-ext\LanguageExt.FSharp\Prelude.cs,97,46,19,2,14,0,37,170,0,0
I:\dev\language-ext\LanguageExt.FSharp\obj\Debug\net45\LanguageExt.FSharp.AssemblyInfo.cs,27,12,2,0,5,0,10,36,9,30
I:\dev\language-ext\LanguageExt.FSharp\obj\Debug\net451\LanguageExt.FSharp.AssemblyInfo.cs,27,12,2,0,5,0,10,36,9,30
I:\dev\language-ext\LanguageExt.FSharp\obj\Debug\netstandard1.6\LanguageExt.FSharp.AssemblyInfo.cs,27,12,2,0,5,0,10,36,9,30
I:\dev\language-ext\LanguageExt.FSharp\obj\Debug\netstandard2.0\LanguageExt.FSharp.AssemblyInfo.cs,27,12,2,0,5,0,10,36,9,30
I:\dev\language-ext\LanguageExt.FSharp\obj\Release\net45\LanguageExt.FSharp.AssemblyInfo.cs,20,12,2,0,3,0,5,10,5,10
I:\dev\language-ext\LanguageExt.FSharp\obj\Release\net451\LanguageExt.FSharp.AssemblyInfo.cs,20,12,2,0,3,0,5,10,5,10
I:\dev\language-ext\LanguageExt.FSharp\obj\Release\netstandard1.6\LanguageExt.FSharp.AssemblyInfo.cs,20,12,2,0,3,0,5,10,5,10
I:\dev\language-ext\LanguageExt.FSharp\obj\Release\netstandard2.0\LanguageExt.FSharp.AssemblyInfo.cs,20,12,2,0,3,0,5,10,5,10
I:\dev\language-ext\LanguageExt.Parsec\Common.cs,39,33,9,2,6,0,0,0,0,0
I:\dev\language-ext\LanguageExt.Parsec\Exceptions.cs,22,19,6,0,3,0,0,0,0,0
I:\dev\language-ext\LanguageExt.Parsec\GenLanguageDef.cs,144,78,34,0,16,0,50,267,0,0
I:\dev\language-ext\LanguageExt.Parsec\GenTokenParser.cs,342,140,75,0,47,0,155,1032,0,0
I:\dev\language-ext\LanguageExt.Parsec\Language.cs,70,52,13,0,5,0,13,84,0,0
I:\dev\language-ext\LanguageExt.Parsec\OperatorIOs.cs,89,72,28,0,17,0,0,0,0,0
I:\dev\language-ext\LanguageExt.Parsec\Operators.cs,106,86,32,0,20,0,0,0,0,0
I:\dev\language-ext\LanguageExt.Parsec\Parsec.Internal.cs,241,191,100,36,18,3,32,129,0,0
I:\dev\language-ext\LanguageExt.Parsec\ParsecIO.Internal.cs,239,189,100,36,18,3,32,129,0,0
I:\dev\language-ext\LanguageExt.Parsec\Parser.cs,178,127,64,27,29,0,22,88,0,0
I:\dev\language-ext\LanguageExt.Parsec\ParserError.cs,120,97,42,9,23,2,0,6,0,0
I:\dev\language-ext\LanguageExt.Parsec\ParserIO.cs,180,129,66,27,28,0,23,94,0,0
I:\dev\language-ext\LanguageExt.Parsec\ParserResult.cs,162,137,58,25,25,0,0,0,0,0
I:\dev\language-ext\LanguageExt.Parsec\ParserResultIO.cs,151,126,51,25,25,0,0,0,0,0
I:\dev\language-ext\LanguageExt.Parsec\Pos.cs,84,65,31,7,16,0,3,10,0,0
I:\dev\language-ext\LanguageExt.Parsec\PString.cs,58,42,27,0,12,0,4,16,0,0
I:\dev\language-ext\LanguageExt.Parsec\PStringIO.cs,62,45,29,0,13,0,4,16,0,0
I:\dev\language-ext\LanguageExt.Parsec\Reply.cs,73,59,33,2,14,0,0,0,0,0
I:\dev\language-ext\LanguageExt.Parsec\ReplyIO.cs,67,54,32,2,13,0,0,0,0,0
I:\dev\language-ext\LanguageExt.Parsec\Sidedness.cs,15,13,7,0,2,0,0,0,0,0
I:\dev\language-ext\LanguageExt.Parsec\StringAndCollectionExt.cs,18,15,9,0,3,0,0,0,0,0
I:\dev\language-ext\LanguageExt.Parsec\obj\Debug\net45\LanguageExt.Parsec.AssemblyInfo.cs,27,12,2,0,5,0,10,36,9,30
I:\dev\language-ext\LanguageExt.Parsec\obj\Debug\net451\LanguageExt.Parsec.AssemblyInfo.cs,27,12,2,0,5,0,10,36,9,30
I:\dev\language-ext\LanguageExt.Parsec\obj\Debug\netstandard1.3\LanguageExt.Parsec.AssemblyInfo.cs,27,12,2,0,5,0,10,36,9,30
I:\dev\language-ext\LanguageExt.Parsec\obj\Debug\netstandard2.0\LanguageExt.Parsec.AssemblyInfo.cs,27,12,2,0,5,0,10,36,9,30
I:\dev\language-ext\LanguageExt.Parsec\obj\Release\net45\LanguageExt.Parsec.AssemblyInfo.cs,20,12,2,0,3,0,5,10,5,10
I:\dev\language-ext\LanguageExt.Parsec\obj\Release\net451\LanguageExt.Parsec.AssemblyInfo.cs,20,12,2,0,3,0,5,10,5,10
I:\dev\language-ext\LanguageExt.Parsec\obj\Release\netstandard1.3\LanguageExt.Parsec.AssemblyInfo.cs,20,12,2,0,3,0,5,10,5,10
I:\dev\language-ext\LanguageExt.Parsec\obj\Release\netstandard2.0\LanguageExt.Parsec.AssemblyInfo.cs,20,12,2,0,3,0,5,10,5,10
I:\dev\language-ext\LanguageExt.Parsec\ParserIOs\Expr.cs,141,77,34,2,17,0,47,268,0,0
I:\dev\language-ext\LanguageExt.Parsec\ParserIOs\Item.cs,88,49,26,7,8,0,31,138,0,0
I:\dev\language-ext\LanguageExt.Parsec\ParserIOs\Prim.cs,691,269,126,32,72,0,350,1912,0,0
I:\dev\language-ext\LanguageExt.Parsec\Parsers\Char.cs,236,96,48,7,28,0,112,463,0,0
I:\dev\language-ext\LanguageExt.Parsec\Parsers\Expr.cs,146,82,35,3,17,0,47,268,0,0
I:\dev\language-ext\LanguageExt.Parsec\Parsers\Indent.cs,60,37,22,4,10,0,13,77,0,0
I:\dev\language-ext\LanguageExt.Parsec\Parsers\Prim.cs,655,257,120,32,66,0,332,1820,0,0
I:\dev\language-ext\LanguageExt.Parsec\Parsers\Token.cs,413,310,85,8,63,0,40,161,0,0
I:\dev\language-ext\LanguageExt.Rx\Cast.cs,14,13,8,0,1,0,0,0,0,0
I:\dev\language-ext\LanguageExt.Rx\Check.cs,11,10,3,1,1,0,0,0,0,0
I:\dev\language-ext\LanguageExt.Rx\Either.Extensions.cs,45,26,11,1,7,0,12,79,0,0
I:\dev\language-ext\LanguageExt.Rx\EitherUnsafe.Extensions.cs,44,26,11,1,6,0,12,79,0,0
I:\dev\language-ext\LanguageExt.Rx\Nullable.Extensions.cs,53,26,9,3,6,0,21,108,0,0
I:\dev\language-ext\LanguageExt.Rx\Option.Extensions.cs,56,35,12,4,7,0,14,92,0,0
I:\dev\language-ext\LanguageExt.Rx\OptionUnsafe.Extensions.cs,41,23,8,3,4,0,14,92,0,0
I:\dev\language-ext\LanguageExt.Rx\PreludeRx.cs,34,16,8,1,3,0,15,77,0,0
I:\dev\language-ext\LanguageExt.Rx\Task.Try.Extensions.cs,49,18,8,0,4,0,27,162,0,0
I:\dev\language-ext\LanguageExt.Rx\Try.Extensions.cs,84,48,24,4,9,0,27,162,0,0
I:\dev\language-ext\LanguageExt.Rx\TryAsync.Extensions.cs,58,26,10,0,5,0,27,162,0,0
I:\dev\language-ext\LanguageExt.Rx\TryOption.Extensions.cs,112,94,43,8,18,0,0,0,0,0
I:\dev\language-ext\LanguageExt.Rx\TryOptionAsync.Extensions.cs,105,37,12,0,8,0,60,402,0,0
I:\dev\language-ext\LanguageExt.Rx\Validation.Extensions.cs,25,16,8,0,3,0,6,40,0,0
I:\dev\language-ext\LanguageExt.Rx\ValidationSeq.Extensions.cs,24,15,7,0,3,0,6,40,0,0
I:\dev\language-ext\LanguageExt.Rx\obj\Debug\net451\LanguageExt.Rx.AssemblyInfo.cs,27,12,2,0,5,0,10,36,9,30
I:\dev\language-ext\LanguageExt.Rx\obj\Debug\net46\LanguageExt.Rx.AssemblyInfo.cs,27,12,2,0,5,0,10,36,9,30
I:\dev\language-ext\LanguageExt.Rx\obj\Debug\netcoreapp2.0\LanguageExt.Rx.AssemblyInfo.cs,25,10,2,0,5,0,10,36,9,30
I:\dev\language-ext\LanguageExt.Rx\obj\Debug\netstandard2.0\LanguageExt.Rx.AssemblyInfo.cs,27,12,2,0,5,0,10,36,9,30
I:\dev\language-ext\LanguageExt.Rx\obj\Release\net46\LanguageExt.Rx.AssemblyInfo.cs,20,12,2,0,3,0,5,10,5,10
I:\dev\language-ext\LanguageExt.Rx\obj\Release\netstandard2.0\LanguageExt.Rx.AssemblyInfo.cs,20,12,2,0,3,0,5,10,5,10
I:\dev\language-ext\LanguageExt.Tests\Appendable.cs,63,18,11,0,7,0,38,94,0,0
I:\dev\language-ext\LanguageExt.Tests\ApplicativeTests.cs,164,119,73,0,30,0,15,100,0,0
I:\dev\language-ext\LanguageExt.Tests\ArrayTests.cs,139,115,67,0,24,0,0,0,0,0
I:\dev\language-ext\LanguageExt.Tests\ChoiceTests.cs,253,192,128,0,61,0,0,0,0,0
I:\dev\language-ext\LanguageExt.Tests\CollectionOrderingTests.cs,221,187,138,0,34,0,0,0,0,0
I:\dev\language-ext\LanguageExt.Tests\CombinatorsTests.cs,44,29,16,0,8,0,7,23,0,0
I:\dev\language-ext\LanguageExt.Tests\CompositionsTests.cs,111,83,62,0,28,0,0,0,0,0
I:\dev\language-ext\LanguageExt.Tests\CompositionTests.cs,103,86,57,0,17,0,0,0,0,0
I:\dev\language-ext\LanguageExt.Tests\CondTest.cs,134,105,91,0,29,2,0,2,0,0
I:\dev\language-ext\LanguageExt.Tests\DelayTests.cs,40,33,20,2,7,0,0,0,0,0
I:\dev\language-ext\LanguageExt.Tests\Divisible.cs,22,18,11,0,4,0,0,0,0,0
I:\dev\language-ext\LanguageExt.Tests\EitherApply.cs,137,113,45,0,24,0,0,0,0,0
I:\dev\language-ext\LanguageExt.Tests\EitherAsyncTests.cs,22,18,11,0,4,0,0,0,0,0
I:\dev\language-ext\LanguageExt.Tests\EitherCoalesceTests.cs,94,76,45,0,18,0,0,0,0,0
I:\dev\language-ext\LanguageExt.Tests\EitherTests.cs,195,160,62,4,35,0,0,0,0,0
I:\dev\language-ext\LanguageExt.Tests\EitherUnsafeApply.cs,132,109,39,0,23,0,0,0,0,0
I:\dev\language-ext\LanguageExt.Tests\EnumerableTTests.cs,120,43,26,0,17,0,60,173,0,0
I:\dev\language-ext\LanguageExt.Tests\EqualityTests.cs,244,188,100,8,46,2,10,58,0,0
I:\dev\language-ext\LanguageExt.Tests\ExceptionMatching.cs,69,58,19,1,11,0,0,0,0,0
I:\dev\language-ext\LanguageExt.Tests\FloatTypeExtensionsTests.cs,26,21,13,0,5,0,0,0,0,0
I:\dev\language-ext\LanguageExt.Tests\FunTests.cs,41,36,32,0,5,0,0,0,0,0
I:\dev\language-ext\LanguageExt.Tests\GlobalSuppressions.cs,12,7,0,0,1,0,4,37,0,0
I:\dev\language-ext\LanguageExt.Tests\HashMapTests.cs,219,183,129,1,35,0,1,2,0,0
I:\dev\language-ext\LanguageExt.Tests\HashSetTests.cs,174,146,115,0,28,0,0,0,0,0
I:\dev\language-ext\LanguageExt.Tests\IssuesTests.cs,476,375,188,10,86,0,15,41,0,0
I:\dev\language-ext\LanguageExt.Tests\LinqTests.cs,320,253,115,10,67,2,0,6,0,0
I:\dev\language-ext\LanguageExt.Tests\List.Predicate.Tests.cs,113,92,52,0,21,0,0,0,0,0
I:\dev\language-ext\LanguageExt.Tests\ListMatchingTests.cs,84,70,40,0,14,0,0,0,0,0
I:\dev\language-ext\LanguageExt.Tests\ListTests.cs,525,419,259,13,100,0,6,12,0,0
I:\dev\language-ext\LanguageExt.Tests\MapTests.cs,325,261,185,1,63,0,1,2,0,0
I:\dev\language-ext\LanguageExt.Tests\MemoTests.cs,103,58,40,0,27,0,18,48,0,0
I:\dev\language-ext\LanguageExt.Tests\MonadTests.cs,332,172,86,1,67,0,93,318,0,0
I:\dev\language-ext\LanguageExt.Tests\Multiplicable.cs,26,23,16,0,3,0,0,0,0,0
I:\dev\language-ext\LanguageExt.Tests\NewTypeTests.cs,153,103,73,0,33,0,17,84,0,0
I:\dev\language-ext\LanguageExt.Tests\NonNullTests.cs,147,122,62,2,24,0,1,3,0,0
I:\dev\language-ext\LanguageExt.Tests\OptionApply.cs,98,78,39,0,20,0,0,0,0,0
I:\dev\language-ext\LanguageExt.Tests\OptionAsyncTests.cs,119,83,49,1,23,0,13,49,0,0
I:\dev\language-ext\LanguageExt.Tests\OptionCoalesceTests.cs,114,93,56,0,21,0,0,0,0,0
I:\dev\language-ext\LanguageExt.Tests\OptionLazy.cs,172,132,96,0,40,0,0,0,0,0
I:\dev\language-ext\LanguageExt.Tests\OptionTests.cs,239,194,90,5,43,1,2,18,0,0
I:\dev\language-ext\LanguageExt.Tests\OptionTTests.cs,290,179,111,2,74,0,37,132,0,0
I:\dev\language-ext\LanguageExt.Tests\OptionUnsafeApply.cs,71,10,6,0,14,0,47,98,0,0
I:\dev\language-ext\LanguageExt.Tests\ParsecTests.cs,485,381,245,0,100,0,4,2,0,0
I:\dev\language-ext\LanguageExt.Tests\PartialAndCurryingTests.cs,48,38,19,0,10,0,0,0,0,0
I:\dev\language-ext\LanguageExt.Tests\PatchTests.cs,589,428,299,0,161,0,0,0,0,0
I:\dev\language-ext\LanguageExt.Tests\QueryTests.cs,82,54,34,0,19,0,9,18,0,0
I:\dev\language-ext\LanguageExt.Tests\QueueTests.cs,95,77,48,0,18,0,0,0,0,0
I:\dev\language-ext\LanguageExt.Tests\RangeTests.cs,69,58,30,0,11,0,0,0,0,0
I:\dev\language-ext\LanguageExt.Tests\Read-Me.cs,26,22,16,0,4,8,0,18,0,0
I:\dev\language-ext\LanguageExt.Tests\RecordIgnoreBaseTests.cs,147,110,60,0,37,0,0,0,0,0
I:\dev\language-ext\LanguageExt.Tests\RecordTests.cs,69,53,35,0,10,0,6,18,0,0
I:\dev\language-ext\LanguageExt.Tests\RecordTypesTest.cs,361,293,200,0,68,2,0,12,0,0
I:\dev\language-ext\LanguageExt.Tests\ReflectTests.cs,123,97,61,0,26,0,0,0,0,0
I:\dev\language-ext\LanguageExt.Tests\ResultTests.cs,294,233,115,0,61,0,0,0,0,0
I:\dev\language-ext\LanguageExt.Tests\Seq.Arr.Tests.cs,237,179,131,0,58,0,0,0,0,0
I:\dev\language-ext\LanguageExt.Tests\Seq.Cons.Tests.cs,237,179,131,0,58,0,0,0,0,0
I:\dev\language-ext\LanguageExt.Tests\Seq.Enumerable.Tests.cs,251,192,155,0,59,0,0,0,0,0
I:\dev\language-ext\LanguageExt.Tests\Seq.IList.Tests.cs,238,180,142,0,58,0,0,0,0,0
I:\dev\language-ext\LanguageExt.Tests\Seq.Lst.Tests.cs,237,179,131,0,58,0,0,0,0,0
I:\dev\language-ext\LanguageExt.Tests\Seq.Module.Tests.cs,205,141,113,2,54,0,10,83,0,0
I:\dev\language-ext\LanguageExt.Tests\SeqTests.cs,163,124,84,1,39,0,0,0,0,0
I:\dev\language-ext\LanguageExt.Tests\SerialisationTests.cs,177,141,101,0,36,0,0,0,0,0
I:\dev\language-ext\LanguageExt.Tests\SetTests.cs,57,46,33,0,11,0,0,0,0,0
I:\dev\language-ext\LanguageExt.Tests\StackTests.cs,92,75,48,0,17,0,0,0,0,0
I:\dev\language-ext\LanguageExt.Tests\Subtractable.cs,86,60,39,0,10,0,16,80,0,0
I:\dev\language-ext\LanguageExt.Tests\TaskTests.cs,121,95,45,4,22,0,4,23,0,0
I:\dev\language-ext\LanguageExt.Tests\TraverseTests.cs,218,166,96,5,52,0,0,0,0,0
I:\dev\language-ext\LanguageExt.Tests\TryApply.cs,107,88,42,0,19,0,0,0,0,0
I:\dev\language-ext\LanguageExt.Tests\TryAsyncTEsts.cs,407,337,189,28,70,0,0,0,0,0
I:\dev\language-ext\LanguageExt.Tests\TryMonadTests.cs,189,155,50,4,30,0,4,28,0,0
I:\dev\language-ext\LanguageExt.Tests\TryOption.cs,33,27,10,0,4,0,2,2,0,0
I:\dev\language-ext\LanguageExt.Tests\TryOptionApply.cs,151,124,52,0,27,0,0,0,0,0
I:\dev\language-ext\LanguageExt.Tests\TryOptionMonadTests.cs,94,81,25,2,13,1,0,5,0,0
I:\dev\language-ext\LanguageExt.Tests\TryOutTests.cs,131,99,58,2,32,0,0,0,0,0
I:\dev\language-ext\LanguageExt.Tests\TrySimpleTests.cs,60,49,25,1,11,0,0,0,0,0
I:\dev\language-ext\LanguageExt.Tests\TupleTests.cs,90,79,60,0,11,0,0,0,0,0
I:\dev\language-ext\LanguageExt.Tests\TypeClassBiFunctor.cs,43,36,20,0,7,0,0,0,0,0
I:\dev\language-ext\LanguageExt.Tests\TypeClassEQ.cs,36,30,16,0,6,0,0,0,0,0
I:\dev\language-ext\LanguageExt.Tests\TypeClassFoldable.cs,88,66,41,0,22,0,0,0,0,0
I:\dev\language-ext\LanguageExt.Tests\TypeClassFunctor.cs,97,72,48,0,22,0,3,23,0,0
I:\dev\language-ext\LanguageExt.Tests\TypeClassMonad.cs,103,86,46,0,17,2,0,2,0,0
I:\dev\language-ext\LanguageExt.Tests\TypeClassMonoid.cs,75,56,33,0,16,0,3,10,0,0
I:\dev\language-ext\LanguageExt.Tests\TypeClassORD.cs,93,78,59,0,15,0,0,0,0,0
I:\dev\language-ext\LanguageExt.Tests\UnitsOfMeasureTests.cs,374,297,163,0,77,1,0,9,0,0
I:\dev\language-ext\LanguageExt.Tests\UnsafeTests.cs,23,19,8,0,4,0,0,0,0,0
I:\dev\language-ext\LanguageExt.Tests\UseFamilyTests.cs,281,215,137,2,66,0,0,0,0,0
I:\dev\language-ext\LanguageExt.Tests\ValidationTests.cs,178,114,59,7,21,0,43,302,0,0
I:\dev\language-ext\LanguageExt.Tests\DefaultValueChecks\AbstractDefaultValueCheckTests.cs,98,84,47,0,14,0,0,0,0,0
I:\dev\language-ext\LanguageExt.Tests\DefaultValueChecks\IsDefaultExtensionTests.cs,9,8,4,0,1,0,0,0,0,0
I:\dev\language-ext\LanguageExt.Tests\DefaultValueChecks\isDefaultPreludeTests.cs,9,8,4,0,1,0,0,0,0,0
I:\dev\language-ext\LanguageExt.Tests\DefaultValueChecks\notDefaultPreludeTests.cs,9,8,4,0,1,0,0,0,0,0
I:\dev\language-ext\LanguageExt.Tests\NullChecks\AbstractNullCheckTests.cs,106,90,53,0,16,0,0,0,0,0
I:\dev\language-ext\LanguageExt.Tests\NullChecks\IsNullExtensionTests.cs,9,8,4,0,1,0,0,0,0,0
I:\dev\language-ext\LanguageExt.Tests\NullChecks\isnullPreludeTests.cs,9,8,4,0,1,0,0,0,0,0
I:\dev\language-ext\LanguageExt.Tests\NullChecks\notnullPreludeTests.cs,9,8,4,0,1,0,0,0,0,0
I:\dev\language-ext\LanguageExt.Tests\obj\Debug\net451\LanguageExt.Tests.AssemblyInfo.cs,26,11,2,0,5,0,10,36,9,30
I:\dev\language-ext\LanguageExt.Tests\obj\Debug\net451\LanguageExt.Tests.Program.cs,3,3,2,0,0,0,0,0,0,0
I:\dev\language-ext\LanguageExt.Tests\obj\Debug\netcoreapp1.0\LanguageExt.Tests.AssemblyInfo.cs,25,10,2,0,5,0,10,36,9,30
I:\dev\language-ext\LanguageExt.Tests\obj\Debug\netcoreapp1.0\LanguageExt.Tests.Program.cs,3,3,2,0,0,0,0,0,0,0
I:\dev\language-ext\LanguageExt.Tests\obj\Debug\netcoreapp2.0\LanguageExt.Tests.AssemblyInfo.cs,25,10,2,0,5,0,10,36,9,30
I:\dev\language-ext\LanguageExt.Tests\obj\Debug\netcoreapp2.0\LanguageExt.Tests.Program.cs,4,4,2,0,0,0,0,0,0,0
I:\dev\language-ext\LanguageExt.Tests\obj\Debug\netstandard1.6\LanguageExt.Tests.AssemblyInfo.cs,26,11,2,0,5,0,10,36,9,30
I:\dev\language-ext\LanguageExt.Tests\obj\Release\netcoreapp1.0\LanguageExt.Tests.AssemblyInfo.cs,25,10,2,0,5,0,10,36,9,30
I:\dev\language-ext\LanguageExt.Tests\obj\Release\netcoreapp1.0\LanguageExt.Tests.Program.cs,3,3,2,0,0,0,0,0,0,0
I:\dev\language-ext\LanguageExt.Tests\Parsing\AbstractParseTPrecisionIntervalTests.cs,22,17,7,0,5,0,0,0,0,0
I:\dev\language-ext\LanguageExt.Tests\Parsing\AbstractParseTSignedPrecisionIntervalTests.cs,22,17,7,0,5,0,0,0,0,0
I:\dev\language-ext\LanguageExt.Tests\Parsing\AbstractParseTTests.cs,39,32,18,0,7,0,0,0,0,0
I:\dev\language-ext\LanguageExt.Tests\Parsing\AbstractParseTUnsignedPrecisionIntervalTests.cs,21,17,7,0,4,0,0,0,0,0
I:\dev\language-ext\LanguageExt.Tests\Parsing\parseBoolTests.cs,14,11,5,0,3,0,0,0,0,0
I:\dev\language-ext\LanguageExt.Tests\Parsing\parseByteTests.cs,13,11,7,0,2,0,0,0,0,0
I:\dev\language-ext\LanguageExt.Tests\Parsing\parseCharTests.cs,20,16,7,0,4,0,0,0,0,0
I:\dev\language-ext\LanguageExt.Tests\Parsing\parseDateTimeOffsetTests.cs,36,27,11,0,9,0,0,0,0,0
I:\dev\language-ext\LanguageExt.Tests\Parsing\parseDateTimeTests.cs,15,12,6,0,3,0,0,0,0,0
I:\dev\language-ext\LanguageExt.Tests\Parsing\parseDecimalTests.cs,11,9,5,0,2,0,0,0,0,0
I:\dev\language-ext\LanguageExt.Tests\Parsing\parseDoubleTests.cs,19,16,5,0,3,0,0,0,0,0
I:\dev\language-ext\LanguageExt.Tests\Parsing\parseEnumTests.cs,25,19,7,0,6,0,0,0,0,0
I:\dev\language-ext\LanguageExt.Tests\Parsing\parseFloatTests.cs,20,17,5,0,3,0,0,0,0,0
I:\dev\language-ext\LanguageExt.Tests\Parsing\parseGuidTests.cs,18,15,8,0,3,0,0,0,0,0
I:\dev\language-ext\LanguageExt.Tests\Parsing\parseIntTests.cs,13,11,7,0,2,0,0,0,0,0
I:\dev\language-ext\LanguageExt.Tests\Parsing\parseLongTests.cs,13,11,7,0,2,0,0,0,0,0
I:\dev\language-ext\LanguageExt.Tests\Parsing\parseSByteTests.cs,13,11,7,0,2,0,0,0,0,0
I:\dev\language-ext\LanguageExt.Tests\Parsing\parseShortTests.cs,13,11,7,0,2,0,0,0,0,0
I:\dev\language-ext\LanguageExt.Tests\Parsing\parseUIntTests.cs,13,11,7,0,2,0,0,0,0,0
I:\dev\language-ext\LanguageExt.Tests\Parsing\parseULongTests.cs,13,11,7,0,2,0,0,0,0,0
I:\dev\language-ext\LanguageExt.Tests\Parsing\parseUShortTests.cs,13,11,7,0,2,0,0,0,0,0
I:\dev\language-ext\LanguageExt.Tests\Regression\Issue283.cs,80,69,33,1,11,0,0,0,0,0
I:\dev\language-ext\LanguageExt.Tests\SeqTypes\SeqListTests.cs,35,30,20,0,5,0,0,0,0,0
I:\dev\language-ext\Samples\AccountingDSL\AccountingDSL\Extensions.cs,22,20,8,1,2,0,0,0,0,0
I:\dev\language-ext\Samples\AccountingDSL\AccountingDSL\Program.cs,64,56,34,0,8,0,0,0,0,0
I:\dev\language-ext\Samples\AccountingDSL\AccountingDSL\Program.TestData.cs,31,28,8,0,3,0,0,0,0,0
I:\dev\language-ext\Samples\AccountingDSL\AccountingDSL\Data\AccountingRow.cs,18,16,10,0,2,0,0,0,0,0
I:\dev\language-ext\Samples\AccountingDSL\AccountingDSL\Data\Operations.cs,40,35,21,0,5,0,0,0,0,0
I:\dev\language-ext\Samples\AccountingDSL\AccountingDSL\Data\SourceType.cs,23,21,10,0,2,0,0,0,0,0
I:\dev\language-ext\Samples\AccountingDSL\AccountingDSL\DSL\Transform.cs,97,75,30,5,19,0,3,11,0,0
I:\dev\language-ext\Samples\AccountingDSL\AccountingDSL\DSL\TransformA.cs,116,105,65,0,11,0,0,0,0,0
I:\dev\language-ext\Samples\AccountingDSL\AccountingDSL\DSL\TransformLINQ.cs,38,32,20,1,6,0,0,0,0,0
I:\dev\language-ext\Samples\AccountingDSL\AccountingDSL\ExpressionCompiler\Compiler.cs,206,172,41,6,34,0,0,0,0,0
I:\dev\language-ext\Samples\AccountingDSL\AccountingDSL\Interpreter\Interpreter.cs,81,73,37,15,8,0,0,0,0,0
I:\dev\language-ext\Samples\AccountingDSL\AccountingDSL\Interpreter\InterpreterState.cs,42,36,17,1,6,0,0,0,0,0
I:\dev\language-ext\Samples\AccountingDSL\AccountingDSL\Interpreter\ScriptFunctions.cs,21,16,8,0,5,0,0,0,0,0
I:\dev\language-ext\Samples\AccountingDSL\AccountingDSL\obj\Debug\netcoreapp2.0\AccountingDSL.AssemblyInfo.cs,25,10,2,0,5,0,10,36,9,30
I:\dev\language-ext\Samples\AccountingDSL\AccountingDSL\ScriptParsing\Interpolate.cs,47,32,14,2,6,0,9,55,0,0
I:\dev\language-ext\Samples\AccountingDSL\AccountingDSL\ScriptParsing\ScriptExpr.cs,151,143,86,1,4,0,4,32,0,0
I:\dev\language-ext\Samples\AccountingDSL\AccountingDSL\ScriptParsing\ScriptParser.cs,248,177,77,4,23,1,48,369,0,0
I:\dev\language-ext\Samples\BankingAppSample\Banking.Core\Interpreter.cs,78,65,23,2,13,0,0,0,0,0
I:\dev\language-ext\Samples\BankingAppSample\Banking.Core\obj\Debug\netstandard1.4\Banking.Core.AssemblyInfo.cs,25,10,2,0,5,0,10,36,9,30
I:\dev\language-ext\Samples\BankingAppSample\Banking.Schema\Account.cs,29,21,13,0,5,0,3,10,0,0
I:\dev\language-ext\Samples\BankingAppSample\Banking.Schema\AccountName.cs,16,10,5,0,3,0,3,10,0,0
I:\dev\language-ext\Samples\BankingAppSample\Banking.Schema\Bank.cs,76,45,20,1,8,0,23,93,0,0
I:\dev\language-ext\Samples\BankingAppSample\Banking.Schema\BankingFree.cs,244,172,98,0,23,0,49,226,0,0
I:\dev\language-ext\Samples\BankingAppSample\Banking.Schema\Constructors.cs,22,17,13,0,2,0,3,14,0,0
I:\dev\language-ext\Samples\BankingAppSample\Banking.Schema\IAccountName.cs,23,14,5,0,3,0,6,19,0,0
I:\dev\language-ext\Samples\BankingAppSample\Banking.Schema\NewTypes.cs,21,18,19,0,3,0,0,0,0,0
I:\dev\language-ext\Samples\BankingAppSample\Banking.Schema\PersonName.cs,23,16,10,0,2,0,5,38,0,0
I:\dev\language-ext\Samples\BankingAppSample\Banking.Schema\Transaction.cs,26,19,13,0,3,0,4,23,0,0
I:\dev\language-ext\Samples\BankingAppSample\Banking.Schema\obj\Debug\netstandard1.4\Banking.Schema.AssemblyInfo.cs,25,10,2,0,5,0,10,36,9,30
I:\dev\language-ext\Samples\BankingAppSample\BankingAppSample\Program.cs,58,46,16,0,8,0,4,45,0,0
I:\dev\language-ext\Samples\BankingAppSample\BankingAppSample\obj\Debug\netcoreapp1.1\BankingAppSample.AssemblyInfo.cs,25,10,2,0,5,0,10,36,9,30
I:\dev\language-ext\Samples\Records\Cons.cs,13,11,7,0,2,0,0,0,0,0
I:\dev\language-ext\Samples\Records\Maybe.cs,49,28,13,0,7,0,14,37,0,0
I:\dev\language-ext\Samples\Records\Program.cs,42,33,21,0,9,0,0,0,0,0
I:\dev\language-ext\Samples\Records\TestJObject.cs,68,54,39,0,14,0,0,0,0,0
I:\dev\language-ext\Samples\Records\Tree.cs,13,11,7,0,2,0,0,0,0,0
I:\dev\language-ext\Samples\Records\Properties\AssemblyInfo.cs,37,15,3,0,5,0,17,120,0,0
I:\dev\language-ext\Samples\RecordsNetCore\Maybe.cs,49,28,13,0,7,0,14,37,0,0
I:\dev\language-ext\Samples\RecordsNetCore\Program.cs,41,34,22,0,7,0,0,0,0,0
I:\dev\language-ext\Samples\RecordsNetCore\obj\Debug\netcoreapp1.1\RecordsNetCore.AssemblyInfo.cs,25,10,2,0,5,0,10,36,9,30
I:\dev\language-ext\Samples\RecordsNetCore\obj\Debug\netcoreapp2.0\RecordsNetCore.AssemblyInfo.cs,25,10,2,0,5,0,10,36,9,30
I:\dev\language-ext\Samples\RecordsNetCore\obj\Release\netcoreapp1.1\RecordsNetCore.AssemblyInfo.cs,25,10,2,0,5,0,10,36,9,30
I:\dev\language-ext\Samples\TestBed\Program.cs,246,192,115,1,53,0,1,1,0,0
I:\dev\language-ext\Samples\TestBed\obj\Debug\netcoreapp1.0\TestBed.AssemblyInfo.cs,25,10,2,0,5,0,10,36,9,30
I:\dev\language-ext\Samples\TestBed\obj\Debug\netcoreapp2.0\TestBed.AssemblyInfo.cs,25,10,2,0,5,0,10,36,9,30
I:\dev\language-ext\Samples\TestBed\obj\Release\netcoreapp1.0\TestBed.AssemblyInfo.cs,25,10,2,0,5,0,10,36,9,30
I:\dev\language-ext\Samples\TestBed\obj\x64\Debug\netcoreapp1.0\TestBed.AssemblyInfo.cs,25,10,2,0,5,0,10,36,9,30
I:\dev\language-ext\Samples\TestBed\obj\x64\Release\netcoreapp1.0\TestBed.AssemblyInfo.cs,25,10,2,0,5,0,10,36,9,30
I:\dev\language-ext\Samples\TestBed\obj\x86\Debug\netcoreapp1.0\TestBed.AssemblyInfo.cs,25,10,2,0,5,0,10,36,9,30
I:\dev\language-ext\Samples\TestBed\obj\x86\Release\netcoreapp1.0\TestBed.AssemblyInfo.cs,25,10,2,0,5,0,10,36,9,30
